location_id,city,state,zip_code,address,region
1,New York,NY,10001,123 Broadway Ave,Northeast
2,New York,NY,10025,456 Amsterdam Ave,Northeast
3,New York,NY,10011,789 West End Ave,Northeast
4,Los Angeles,CA,90001,321 Main Street,West
5,Chicago,IL,60601,654 Michigan Ave,Midwest
6,Houston,TX,77001,987 Houston St,South
7,Phoenix,AZ,85001,147 Desert Blvd,Southwest
8,Philadelphia,PA,19101,258 Market St,Northeast
9,San Antonio,TX,78201,369 Alamo Plaza,South
10,San Diego,CA,92101,741 Pacific Hwy,West
11,Dallas,TX,75201,852 Commerce St,South
12,San Jose,CA,95101,963 Santa Clara St,West
13,Austin,TX,78701,159 Congress Ave,South
14,Jacksonville,FL,32099,267 Beach Blvd,Southeast
15,Fort Worth,TX,76102,378 Main St,South
16,Fort Worth,TX,76101,123 Main St,South
17,Columbus,OH,43215,456 High St,Midwest
18,Charlotte,NC,28202,789 Trade St,Southeast
19,Indianapolis,IN,46204,321 Monument Cir,Midwest
20,Seattle,WA,98101,654 Pike St,West
21,Denver,CO,80202,987 Colfax Ave,West
22,Boston,MA,2108,147 Tremont St,Northeast
23,El Paso,TX,79901,258 Mesa St,South
24,Detroit,MI,48226,369 Woodward Ave,Midwest
25,Nashville,TN,37219,741 Broadway,South
26,Portland,OR,97204,852 Burnside St,West
27,Las Vegas,NV,89101,963 Fremont St,Southwest
28,Louisville,KY,40202,159 Main St,South
29,Baltimore,MD,21201,267 Pratt St,Northeast
30,Milwaukee,WI,53202,378 Wisconsin Ave,Midwest
31,Albuquerque,NM,87102,489 Central Ave,Southwest
32,Tucson,AZ,85701,591 Congress St,Southwest
33,Fresno,CA,93721,612 Fulton St,West
34,Sacramento,CA,95814,723 J St,West
35,Mesa,AZ,85201,834 Main St,Southwest
36,Minneapolis,MN,24592,509 Madison St,Midwest
37,Indianapolis,IN,39256,2386 Elm St,Midwest
38,Wichita,KS,81482,1524 Lake Dr,Midwest
39,Albuquerque,NM,14165,588 Park Ave,Southwest
40,Columbus,OH,40495,8379 Hill St,Midwest
41,Los Angeles,CA,83563,3357 River Rd,West
42,Milwaukee,WI,38893,7459 Lake Dr,Midwest
43,Denver,CO,10851,2715 Pine St,West
44,Nashville,TN,46421,2647 Washington Blvd,South
45,Honolulu,HI,54118,1774 Park Ave,West
46,Louisville,KY,22676,5981 Jackson Ave,South
47,Miami,FL,44671,811 Cedar Ln,Southeast
48,Virginia Beach,VA,26361,6301 Park Ave,Southeast
49,Omaha,NE,48427,6025 Lake Dr,Midwest
50,Fort Worth,TX,19116,850 Lincoln Ave,South
51,Anaheim,CA,47930,1407 Lincoln Ave,West
52,San Antonio,TX,59823,4654 Cedar Ln,South
53,Minneapolis,MN,57819,2764 Jackson Ave,Midwest
54,Portland,OR,37460,4474 Park Ave,West
55,Miami,FL,93227,2903 River Rd,Southeast
56,Bakersfield,CA,42087,2777 Cedar Ln,West
57,Louisville,KY,45382,9225 Lincoln Ave,South
58,Wichita,KS,52504,1016 Lincoln Ave,Midwest
59,Chicago,IL,51347,6672 Madison St,Midwest
60,Phoenix,AZ,37653,9392 Adams St,Southwest
61,Columbus,OH,95909,8279 Market St,Midwest
62,Tulsa,OK,70142,2440 Madison St,South
63,Dallas,TX,42325,9297 River Rd,South
64,Seattle,WA,86622,7119 Lake Dr,West
65,Baltimore,MD,57447,3693 Oak St,Northeast
66,Kansas City,MO,74686,1589 Broadway,Midwest
67,San Diego,CA,30033,2721 Pine St,West
68,Miami,FL,18326,6404 Market St,Southeast
69,Miami,FL,71348,8769 Madison St,Southeast
70,Omaha,NE,11504,1976 River Rd,Midwest
71,Honolulu,HI,44973,5673 Elm St,West
72,Boston,MA,66985,2691 Cedar Ln,Northeast
73,New York,NY,44522,8301 Maple Ave,Northeast
74,Kansas City,MO,23947,4989 Chestnut St,Midwest
75,Miami,FL,36071,2604 Jackson Ave,Southeast
76,Honolulu,HI,31174,8937 Chestnut St,West
77,New York,NY,88504,5410 Walnut St,Northeast
78,Los Angeles,CA,24662,6047 Jefferson St,West
79,Indianapolis,IN,17592,4046 Lake Dr,Midwest
80,Philadelphia,PA,21226,8062 Park Ave,Northeast
81,Honolulu,HI,79822,2160 Oak St,West
82,Cleveland,OH,72296,9107 Maple Ave,Midwest
83,Seattle,WA,79163,7032 Washington Blvd,West
84,Virginia Beach,VA,36365,5207 Market St,Southeast
85,Cleveland,OH,95180,6218 Cedar Ln,Midwest
86,Atlanta,GA,69177,2082 Lincoln Ave,Southeast
87,Charlotte,NC,18392,5639 Main St,Southeast
88,Raleigh,NC,82603,3870 Lake Dr,Southeast
89,Charlotte,NC,10942,1263 Broadway,Southeast
90,Charlotte,NC,18834,614 Adams St,Southeast
91,Phoenix,AZ,77391,3999 Madison St,Southwest
92,Cleveland,OH,73624,3610 River Rd,Midwest
93,Dallas,TX,84847,9540 Walnut St,South
94,Indianapolis,IN,71993,6769 Washington Blvd,Midwest
95,San Antonio,TX,22704,7162 Jackson Ave,South
96,Albuquerque,NM,63883,7751 Broadway,Southwest
97,Wichita,KS,95649,1712 Broadway,Midwest
98,Baltimore,MD,54473,1890 Lincoln Ave,Northeast
99,Fort Worth,TX,34931,8886 Cedar Ln,South
100,Dallas,TX,65296,3106 Madison St,South
101,Fresno,CA,42742,1335 Cedar Ln,West
102,Omaha,NE,22833,928 River Rd,Midwest
103,New York,NY,22224,3972 Maple Ave,Northeast
104,Milwaukee,WI,73653,7986 Washington Blvd,Midwest
105,Baltimore,MD,17685,2797 Market St,Northeast
106,New York,NY,61173,4445 Cedar Ln,Northeast
107,Boston,MA,65444,9205 Walnut St,Northeast
108,San Jose,CA,34890,4961 Washington Blvd,West
109,Houston,TX,85914,8983 Broadway,South
110,Tampa,FL,51104,1036 Broadway,Southeast
111,Raleigh,NC,72493,8338 Chestnut St,Southeast
112,Austin,TX,17455,8420 Park Ave,South
113,Jacksonville,FL,18981,9849 Park Ave,Southeast
114,Wichita,KS,40828,6715 Elm St,Midwest
115,Colorado Springs,CO,42271,9585 Hill St,West
116,Chicago,IL,91183,1443 Pine St,Midwest
117,Cleveland,OH,86503,9360 Chestnut St,Midwest
118,Detroit,MI,44179,3446 Adams St,Midwest
119,Indianapolis,IN,44814,6584 Oak St,Midwest
120,Cleveland,OH,94607,5015 Cedar Ln,Midwest
121,Detroit,MI,19508,252 Cedar Ln,Midwest
122,Oakland,CA,83792,1738 Park Ave,West
123,Virginia Beach,VA,37938,8388 Madison St,Southeast
124,Dallas,TX,55745,1227 Lincoln Ave,South
125,Las Vegas,NV,47353,2684 Cedar Ln,Southwest
126,Virginia Beach,VA,49651,8766 Main St,Southeast
127,Cleveland,OH,82692,5005 Elm St,Midwest
128,Dallas,TX,44664,1991 Elm St,South
129,Tampa,FL,82512,2646 Madison St,Southeast
130,Boston,MA,89276,3550 Adams St,Northeast
131,Columbus,OH,93130,4425 Chestnut St,Midwest
132,Mesa,AZ,42914,932 Park Ave,Southwest
133,Minneapolis,MN,65518,4633 Broadway,Midwest
134,New York,NY,53719,2243 Madison St,Northeast
135,Austin,TX,67912,9138 Pine St,South
136,Omaha,NE,11267,1932 Park Ave,Midwest
137,Arlington,TX,29536,9038 Broadway,South
138,Las Vegas,NV,86350,9152 Oak St,Southwest
139,Albuquerque,NM,26704,785 Jefferson St,Southwest
140,Las Vegas,NV,15229,5962 Washington Blvd,Southwest
141,Wichita,KS,42706,1784 Jackson Ave,Midwest
142,Anaheim,CA,83385,6758 Hill St,West
143,Tampa,FL,30257,3978 Maple Ave,Southeast
144,Jacksonville,FL,64040,506 Maple Ave,Southeast
145,Tampa,FL,53540,6845 Lincoln Ave,Southeast
146,Denver,CO,30866,1871 Market St,West
147,Chicago,IL,71694,3744 Washington Blvd,Midwest
148,Fresno,CA,55830,5100 Lincoln Ave,West
149,Charlotte,NC,13101,3264 Market St,Southeast
150,Nashville,TN,46517,1237 Madison St,South
151,Portland,OR,94080,8446 Market St,West
152,Wichita,KS,80282,5525 Main St,Midwest
153,San Diego,CA,44237,3025 Lake Dr,West
154,Seattle,WA,15014,1876 Hill St,West
155,Albuquerque,NM,55309,5239 Pine St,Southwest
156,Miami,FL,77033,1994 Market St,Southeast
157,Colorado Springs,CO,34914,4273 Broadway,West
158,New Orleans,LA,67154,127 Chestnut St,South
159,Virginia Beach,VA,97900,3328 Jackson Ave,Southeast
160,Albuquerque,NM,19171,5509 Hill St,Southwest
161,Detroit,MI,96951,2141 Jefferson St,Midwest
162,Kansas City,MO,50538,6791 Adams St,Midwest
163,Baltimore,MD,48752,9183 Oak St,Northeast
164,Fort Worth,TX,65108,6311 Maple Ave,South
165,Oakland,CA,84593,5030 Market St,West
166,Omaha,NE,10053,5078 Jefferson St,Midwest
167,Columbus,OH,66346,9602 Hill St,Midwest
168,Tulsa,OK,52237,7718 Cedar Ln,South
169,Tucson,AZ,98555,3601 Chestnut St,Southwest
170,Sacramento,CA,32241,1489 Jefferson St,West
171,Kansas City,MO,97012,5591 Park Ave,Midwest
172,Honolulu,HI,40784,5185 Lincoln Ave,West
173,Fort Worth,TX,29313,500 Broadway,South
174,Indianapolis,IN,72277,1293 Cedar Ln,Midwest
175,Milwaukee,WI,92544,9531 Washington Blvd,Midwest
176,New Orleans,LA,60328,8199 Market St,South
177,Indianapolis,IN,29342,190 Elm St,Midwest
178,Anaheim,CA,65724,3685 Maple Ave,West
179,Arlington,TX,77889,7711 Broadway,South
180,Omaha,NE,42662,2088 Cedar Ln,Midwest
181,Dallas,TX,70901,8802 River Rd,South
182,Miami,FL,51588,7351 Hill St,Southeast
183,Bakersfield,CA,76162,7091 River Rd,West
184,Tucson,AZ,30861,7877 Cedar Ln,Southwest
185,Seattle,WA,42406,4643 Chestnut St,West
186,Mesa,AZ,92149,4019 Madison St,Southwest
187,Tucson,AZ,20155,4781 Lincoln Ave,Southwest
188,Denver,CO,54020,5338 River Rd,West
189,Philadelphia,PA,28136,2571 Lincoln Ave,Northeast
190,Louisville,KY,30028,3605 Park Ave,South
191,Milwaukee,WI,63424,5521 River Rd,Midwest
192,Fresno,CA,64496,1120 Washington Blvd,West
193,Milwaukee,WI,61049,9669 Main St,Midwest
194,Honolulu,HI,85456,6332 Walnut St,West
195,New York,NY,56105,4992 Market St,Northeast
196,Milwaukee,WI,80545,9047 Hill St,Midwest
197,Charlotte,NC,73993,3695 Madison St,Southeast
198,Albuquerque,NM,73654,575 Market St,Southwest
199,Nashville,TN,97670,6724 Maple Ave,South
200,Fresno,CA,26728,8851 Main St,West
201,Baltimore,MD,87580,9346 Main St,Northeast
202,Philadelphia,PA,94246,7122 Oak St,Northeast
203,Fresno,CA,33819,923 Madison St,West
204,Louisville,KY,52906,3567 Cedar Ln,South
205,Detroit,MI,54236,6311 Madison St,Midwest
206,Honolulu,HI,65255,4233 Park Ave,West
207,Sacramento,CA,12540,8937 Broadway,West
208,Portland,OR,39389,1224 Broadway,West
209,Honolulu,HI,14067,4151 Washington Blvd,West
210,Los Angeles,CA,91439,2596 Lincoln Ave,West
211,Dallas,TX,72070,1974 Lake Dr,South
212,Columbus,OH,70952,4298 Jackson Ave,Midwest
213,Austin,TX,89415,1976 Maple Ave,South
214,El Paso,TX,24168,9581 Main St,South
215,El Paso,TX,85470,6249 Market St,South
216,New Orleans,LA,35995,1345 Lake Dr,South
217,Arlington,TX,92213,4078 Elm St,South
218,Arlington,TX,49529,9937 Elm St,South
219,Colorado Springs,CO,15383,5788 River Rd,West
220,Albuquerque,NM,96706,6171 Park Ave,Southwest
221,Kansas City,MO,94874,5690 Main St,Midwest
222,Milwaukee,WI,74251,1829 Pine St,Midwest
223,Las Vegas,NV,93307,7632 Oak St,Southwest
224,Albuquerque,NM,33086,8648 Madison St,Southwest
225,Oakland,CA,80539,8021 Cedar Ln,West
226,Albuquerque,NM,87656,4497 Adams St,Southwest
227,Indianapolis,IN,21359,4669 Cedar Ln,Midwest
228,Indianapolis,IN,70910,9436 Hill St,Midwest
229,Cleveland,OH,59674,5611 Main St,Midwest
230,Mesa,AZ,52600,3079 Walnut St,Southwest
231,Columbus,OH,56507,4332 Adams St,Midwest
232,Denver,CO,88139,4626 River Rd,West
233,New York,NY,77715,3230 Park Ave,Northeast
234,Indianapolis,IN,63271,8104 River Rd,Midwest
235,Honolulu,HI,41499,7900 Walnut St,West
236,Tucson,AZ,12260,1624 Jefferson St,Southwest
237,Charlotte,NC,63005,4086 Jefferson St,Southeast
238,Cleveland,OH,86225,6146 Walnut St,Midwest
239,Omaha,NE,79588,5732 Pine St,Midwest
240,Tampa,FL,82140,5519 Jackson Ave,Southeast
241,Arlington,TX,69473,4538 Jefferson St,South
242,Seattle,WA,40217,2076 Washington Blvd,West
243,Detroit,MI,25670,8879 Maple Ave,Midwest
244,Fort Worth,TX,38361,8033 Madison St,South
245,Bakersfield,CA,87278,8695 Hill St,West
246,Boston,MA,23176,3280 Jefferson St,Northeast
247,Charlotte,NC,57301,3039 Jefferson St,Southeast
248,New York,NY,80010,2173 Madison St,Northeast
249,Chicago,IL,17146,9166 Jefferson St,Midwest
250,Arlington,TX,26551,8142 Elm St,South
251,New York,NY,85243,4758 Walnut St,Northeast
252,Sacramento,CA,67733,5682 Maple Ave,West
253,Houston,TX,43092,7927 Elm St,South
254,Phoenix,AZ,62521,8156 Park Ave,Southwest
255,Colorado Springs,CO,92502,978 Oak St,West
256,San Jose,CA,83772,5078 Park Ave,West
257,Indianapolis,IN,25525,9243 Pine St,Midwest
258,Miami,FL,88135,3797 Chestnut St,Southeast
259,Louisville,KY,69049,7353 Jefferson St,South
260,Raleigh,NC,66207,5103 Lake Dr,Southeast
261,Oakland,CA,17894,1725 Washington Blvd,West
262,Minneapolis,MN,37659,4435 Park Ave,Midwest
263,Austin,TX,41439,2947 River Rd,South
264,Phoenix,AZ,30517,143 Pine St,Southwest
265,Tucson,AZ,87832,7799 Jefferson St,Southwest
266,Chicago,IL,40340,4820 Jefferson St,Midwest
267,Arlington,TX,69510,1266 Lincoln Ave,South
268,Seattle,WA,91927,9763 Washington Blvd,West
269,Albuquerque,NM,25043,9022 Lincoln Ave,Southwest
270,Tulsa,OK,29528,4452 Oak St,South
271,Phoenix,AZ,17816,2818 Jefferson St,Southwest
272,Miami,FL,84607,4828 Cedar Ln,Southeast
273,San Diego,CA,71433,5082 Market St,West
274,Denver,CO,75597,8947 Walnut St,West
275,Tucson,AZ,20543,9898 Broadway,Southwest
276,Albuquerque,NM,52247,9991 Madison St,Southwest
277,Los Angeles,CA,21970,3850 Lake Dr,West
278,Raleigh,NC,12719,4515 Lake Dr,Southeast
279,Chicago,IL,32962,7808 Chestnut St,Midwest
280,Tulsa,OK,67963,4657 Maple Ave,South
281,Raleigh,NC,67132,8156 Park Ave,Southeast
282,Sacramento,CA,55607,6790 Adams St,West
283,Detroit,MI,97835,1813 Maple Ave,Midwest
284,Nashville,TN,63955,8217 Jefferson St,South
285,Cleveland,OH,62488,9112 Broadway,Midwest
286,Fresno,CA,21542,5253 Madison St,West
287,Detroit,MI,25194,6722 Chestnut St,Midwest
288,New York,NY,96200,8989 Cedar Ln,Northeast
289,Milwaukee,WI,17104,3173 Chestnut St,Midwest
290,Las Vegas,NV,91609,8267 Cedar Ln,Southwest
291,Honolulu,HI,16764,3435 Madison St,West
292,Omaha,NE,27172,4819 Cedar Ln,Midwest
293,Arlington,TX,73532,2089 Main St,South
294,Minneapolis,MN,89806,4020 Maple Ave,Midwest
295,El Paso,TX,82199,324 River Rd,South
296,Milwaukee,WI,22217,3781 Elm St,Midwest
297,Fresno,CA,25396,2622 Walnut St,West
298,New Orleans,LA,48254,8437 Madison St,South
299,Milwaukee,WI,73242,7836 Lincoln Ave,Midwest
300,Fresno,CA,82255,2469 Market St,West
301,Fort Worth,TX,88561,8427 Oak St,South
302,Phoenix,AZ,46208,6898 Adams St,Southwest
303,Kansas City,MO,45018,142 Jefferson St,Midwest
304,Bakersfield,CA,49132,9716 Lake Dr,West
305,Cleveland,OH,74178,2534 Cedar Ln,Midwest
306,Virginia Beach,VA,73483,5754 Adams St,Southeast
307,Omaha,NE,81228,6280 Cedar Ln,Midwest
308,Detroit,MI,34727,4012 Lake Dr,Midwest
309,Louisville,KY,40613,6830 Broadway,South
310,Detroit,MI,71993,6346 Market St,Midwest
311,Cleveland,OH,95461,2592 Walnut St,Midwest
312,Chicago,IL,26547,8329 Lake Dr,Midwest
313,Nashville,TN,23154,7313 Elm St,South
314,Atlanta,GA,69890,351 Oak St,Southeast
315,Milwaukee,WI,95823,2629 Park Ave,Midwest
316,Sacramento,CA,44737,5646 Hill St,West
317,Arlington,TX,62098,1415 Adams St,South
318,Wichita,KS,79942,6326 Adams St,Midwest
319,Minneapolis,MN,73956,8964 Broadway,Midwest
320,Oakland,CA,18968,3946 Jefferson St,West
321,Charlotte,NC,21846,7210 Elm St,Southeast
322,Honolulu,HI,93066,1746 Cedar Ln,West
323,Austin,TX,49251,574 Broadway,South
324,Detroit,MI,17355,4906 Jackson Ave,Midwest
325,Las Vegas,NV,66450,2485 Lincoln Ave,Southwest
326,Atlanta,GA,64008,9372 Maple Ave,Southeast
327,Austin,TX,32946,1393 Hill St,South
328,Louisville,KY,91226,4045 Walnut St,South
329,Raleigh,NC,28758,3904 Cedar Ln,Southeast
330,Minneapolis,MN,43289,7629 Madison St,Midwest
331,Cleveland,OH,11231,7722 Jefferson St,Midwest
332,Wichita,KS,81643,2688 Park Ave,Midwest
333,Tucson,AZ,55293,9726 Jefferson St,Southwest
334,Minneapolis,MN,65615,4197 Cedar Ln,Midwest
335,El Paso,TX,36111,6402 Walnut St,South
336,San Antonio,TX,41091,6348 Lake Dr,South
337,Portland,OR,85341,4947 Jefferson St,West
338,Los Angeles,CA,96275,6584 Madison St,West
339,New York,NY,84177,903 Hill St,Northeast
340,Tampa,FL,75107,4789 Lincoln Ave,Southeast
341,Miami,FL,56179,3688 Washington Blvd,Southeast
342,Oakland,CA,42850,2340 Elm St,West
343,Minneapolis,MN,94717,745 Jefferson St,Midwest
344,Tucson,AZ,14373,9595 Jackson Ave,Southwest
345,Bakersfield,CA,27224,1576 Jefferson St,West
346,Detroit,MI,64460,2977 Washington Blvd,Midwest
347,Dallas,TX,80701,6094 Chestnut St,South
348,Kansas City,MO,45720,2795 Madison St,Midwest
349,Sacramento,CA,48684,5649 Elm St,West
350,Fresno,CA,19869,2406 Lincoln Ave,West
351,Wichita,KS,98395,6611 River Rd,Midwest
352,Las Vegas,NV,21836,6564 Main St,Southwest
353,Seattle,WA,80329,2124 Cedar Ln,West
354,Las Vegas,NV,98188,4395 Lake Dr,Southwest
355,Louisville,KY,93695,6186 Elm St,South
356,Wichita,KS,40647,7824 Main St,Midwest
357,Oakland,CA,83584,5474 Hill St,West
358,Charlotte,NC,94889,1135 Cedar Ln,Southeast
359,Arlington,TX,49608,6789 Elm St,South
360,Dallas,TX,15943,709 Jefferson St,South
361,Mesa,AZ,25220,1692 Lincoln Ave,Southwest
362,Virginia Beach,VA,27781,6467 Cedar Ln,Southeast
363,Las Vegas,NV,97881,8950 Pine St,Southwest
364,Raleigh,NC,30253,6897 Elm St,Southeast
365,Mesa,AZ,90694,6786 Madison St,Southwest
366,Chicago,IL,58566,3659 Cedar Ln,Midwest
367,Tucson,AZ,40947,6042 Elm St,Southwest
368,Wichita,KS,58147,9020 Jackson Ave,Midwest
369,Houston,TX,62184,4620 Washington Blvd,South
370,San Diego,CA,69600,1601 Washington Blvd,West
371,Tulsa,OK,93819,9883 Main St,South
372,Houston,TX,53713,4090 Oak St,South
373,Colorado Springs,CO,36896,1224 River Rd,West
374,Columbus,OH,86858,3638 Lincoln Ave,Midwest
375,Nashville,TN,29340,9864 Main St,South
376,Denver,CO,28964,2229 River Rd,West
377,Seattle,WA,32871,1901 Main St,West
378,Dallas,TX,11947,5969 Lincoln Ave,South
379,Raleigh,NC,52437,358 Maple Ave,Southeast
380,Seattle,WA,16868,2176 Pine St,West
381,Atlanta,GA,24896,1141 Walnut St,Southeast
382,Tucson,AZ,57453,8508 Lake Dr,Southwest
383,San Antonio,TX,69245,8354 Lincoln Ave,South
384,Oakland,CA,15683,8643 Jefferson St,West
385,Fresno,CA,94323,610 Broadway,West
386,Sacramento,CA,62640,7084 Elm St,West
387,Mesa,AZ,68138,1304 Park Ave,Southwest
388,Detroit,MI,89730,2530 Park Ave,Midwest
389,Dallas,TX,46046,9690 River Rd,South
390,New Orleans,LA,52622,6340 Hill St,South
391,Atlanta,GA,48652,7533 Chestnut St,Southeast
392,Miami,FL,66387,1724 Elm St,Southeast
393,Tulsa,OK,95316,9133 Washington Blvd,South
394,Albuquerque,NM,69186,3843 Pine St,Southwest
395,Nashville,TN,69441,6632 Pine St,South
396,Bakersfield,CA,22463,5220 Pine St,West
397,Detroit,MI,97177,4276 Jackson Ave,Midwest
398,San Jose,CA,72163,1199 Park Ave,West
399,Philadelphia,PA,22219,7175 Elm St,Northeast
400,Tampa,FL,58843,2231 River Rd,Southeast
401,Houston,TX,86869,9301 River Rd,South
402,Nashville,TN,97819,2102 Pine St,South
403,Portland,OR,97207,7029 Broadway,West
404,Boston,MA,88696,5219 Jackson Ave,Northeast
405,San Antonio,TX,85748,8413 Washington Blvd,South
406,San Jose,CA,96079,8000 Lincoln Ave,West
407,San Antonio,TX,55890,9213 Jackson Ave,South
408,San Diego,CA,46512,9506 Lincoln Ave,West
409,Albuquerque,NM,83526,9221 Main St,Southwest
410,Miami,FL,96223,4481 Main St,Southeast
411,Jacksonville,FL,45818,5162 Adams St,Southeast
412,Portland,OR,10800,3072 Oak St,West
413,Colorado Springs,CO,96159,6666 Park Ave,West
414,San Jose,CA,92991,602 Park Ave,West
415,Tampa,FL,79531,3624 Market St,Southeast
416,Milwaukee,WI,69460,5685 Maple Ave,Midwest
417,Las Vegas,NV,50846,5414 Lake Dr,Southwest
418,Miami,FL,21135,961 Oak St,Southeast
419,Austin,TX,90981,915 Park Ave,South
420,Denver,CO,68079,7047 Walnut St,West
421,Miami,FL,67939,6885 Madison St,Southeast
422,Columbus,OH,77154,1964 Jackson Ave,Midwest
423,Albuquerque,NM,24534,4740 Lake Dr,Southwest
424,Mesa,AZ,79066,5153 Broadway,Southwest
425,Charlotte,NC,61807,9919 Broadway,Southeast
426,New York,NY,36794,5038 Washington Blvd,Northeast
427,Anaheim,CA,27987,4286 Jefferson St,West
428,Detroit,MI,25726,226 Walnut St,Midwest
429,Tampa,FL,66446,2978 Oak St,Southeast
430,Louisville,KY,79806,3870 Chestnut St,South
431,Omaha,NE,97562,5902 Park Ave,Midwest
432,Baltimore,MD,15544,7247 Main St,Northeast
433,Fresno,CA,20205,5229 Lake Dr,West
434,Albuquerque,NM,85156,6726 Pine St,Southwest
435,Boston,MA,25096,6736 Main St,Northeast
436,Detroit,MI,32527,7638 Jackson Ave,Midwest
437,Philadelphia,PA,67240,1834 Lincoln Ave,Northeast
438,Albuquerque,NM,87184,6660 Chestnut St,Southwest
439,Philadelphia,PA,61873,5183 Adams St,Northeast
440,Charlotte,NC,53655,2854 Park Ave,Southeast
441,Kansas City,MO,92998,1968 Chestnut St,Midwest
442,Kansas City,MO,35415,5824 Jackson Ave,Midwest
443,Bakersfield,CA,94599,2519 Lincoln Ave,West
444,San Antonio,TX,29194,4293 Washington Blvd,South
445,Jacksonville,FL,88957,2604 Park Ave,Southeast
446,Jacksonville,FL,92306,8195 Cedar Ln,Southeast
447,Honolulu,HI,83889,9594 Cedar Ln,West
448,Wichita,KS,83989,5395 Adams St,Midwest
449,San Jose,CA,67640,1218 Walnut St,West
450,Tucson,AZ,92756,5061 Madison St,Southwest
451,Raleigh,NC,17362,5866 Chestnut St,Southeast
452,Phoenix,AZ,50685,7665 Cedar Ln,Southwest
453,Chicago,IL,17456,6141 Jefferson St,Midwest
454,Phoenix,AZ,94497,1579 Hill St,Southwest
455,Miami,FL,76462,6399 Cedar Ln,Southeast
456,Raleigh,NC,82655,772 Cedar Ln,Southeast
457,Colorado Springs,CO,95437,3184 Adams St,West
458,Miami,FL,72341,8314 Oak St,Southeast
459,Houston,TX,69050,1795 Adams St,South
460,New Orleans,LA,21053,8366 Maple Ave,South
461,Chicago,IL,42472,7272 Cedar Ln,Midwest
462,Atlanta,GA,78517,2700 Jackson Ave,Southeast
463,Las Vegas,NV,47079,6447 Pine St,Southwest
464,Anaheim,CA,54350,9895 Broadway,West
465,Minneapolis,MN,94843,5582 Park Ave,Midwest
466,Nashville,TN,22387,9241 Market St,South
467,Boston,MA,43029,9974 Oak St,Northeast
468,Nashville,TN,20682,9647 Oak St,South
469,Portland,OR,50662,6521 Oak St,West
470,Miami,FL,21104,5172 River Rd,Southeast
471,Louisville,KY,94343,5481 Oak St,South
472,Cleveland,OH,99838,8724 Park Ave,Midwest
473,Tulsa,OK,97878,7037 Chestnut St,South
474,Las Vegas,NV,12389,6040 Jefferson St,Southwest
475,Jacksonville,FL,38074,5698 Walnut St,Southeast
476,Fort Worth,TX,39693,2353 Oak St,South
477,Phoenix,AZ,48770,1757 Chestnut St,Southwest
478,Anaheim,CA,80748,8726 Broadway,West
479,Cleveland,OH,54140,2247 Hill St,Midwest
480,Louisville,KY,30218,2758 Maple Ave,South
481,Arlington,TX,91885,2812 Cedar Ln,South
482,Chicago,IL,63852,6068 Lincoln Ave,Midwest
483,Tucson,AZ,90031,4768 Cedar Ln,Southwest
484,Charlotte,NC,79993,4018 Jefferson St,Southeast
485,Sacramento,CA,35430,6126 Lake Dr,West
486,Tucson,AZ,70513,4716 Market St,Southwest
487,Kansas City,MO,79135,6959 Maple Ave,Midwest
488,Fort Worth,TX,89254,2367 Madison St,South
489,Houston,TX,94040,7973 Jackson Ave,South
490,Omaha,NE,23446,8552 Elm St,Midwest
491,Boston,MA,20993,2726 Madison St,Northeast
492,Tucson,AZ,77286,2514 Pine St,Southwest
493,Philadelphia,PA,39102,7491 Jackson Ave,Northeast
494,Los Angeles,CA,64381,972 Market St,West
495,Kansas City,MO,59015,3962 Market St,Midwest
496,Philadelphia,PA,59140,3778 Main St,Northeast
497,Detroit,MI,22987,5593 Oak St,Midwest
498,Dallas,TX,15020,4800 Walnut St,South
499,Arlington,TX,28191,7785 Cedar Ln,South
500,Oakland,CA,10688,1398 Main St,West
501,Seattle,WA,38266,2549 River Rd,West
502,Bakersfield,CA,89807,8747 Pine St,West
503,San Diego,CA,47762,3993 Jefferson St,West
504,San Diego,CA,16258,4006 Pine St,West
505,Minneapolis,MN,91633,7589 Park Ave,Midwest
506,San Diego,CA,75513,9876 River Rd,West
507,Los Angeles,CA,92831,8543 Lake Dr,West
508,Indianapolis,IN,28818,4872 Pine St,Midwest
509,New York,NY,90584,5880 Lincoln Ave,Northeast
510,Colorado Springs,CO,64600,3168 Park Ave,West
511,Atlanta,GA,57265,1208 Chestnut St,Southeast
512,Virginia Beach,VA,76496,8416 River Rd,Southeast
513,Los Angeles,CA,61177,7802 Broadway,West
514,Minneapolis,MN,60709,6216 Madison St,Midwest
515,Tampa,FL,12128,5950 Park Ave,Southeast
516,Portland,OR,41604,1798 Lake Dr,West
517,Tampa,FL,53583,2285 Broadway,Southeast
518,Portland,OR,81567,5646 Maple Ave,West
519,Anaheim,CA,99742,7712 Walnut St,West
520,Minneapolis,MN,33891,2309 Park Ave,Midwest
521,New Orleans,LA,69988,705 Jefferson St,South
522,Fort Worth,TX,15741,3368 Broadway,South
523,Detroit,MI,50642,8544 Market St,Midwest
524,Virginia Beach,VA,72049,4250 Broadway,Southeast
525,Honolulu,HI,94790,3231 Jefferson St,West
526,Portland,OR,16265,5538 Madison St,West
527,San Diego,CA,58237,7259 Market St,West
528,Tampa,FL,67637,6434 Adams St,Southeast
529,Jacksonville,FL,75038,8251 Jackson Ave,Southeast
530,Atlanta,GA,44959,1453 Pine St,Southeast
531,Philadelphia,PA,66440,9970 Maple Ave,Northeast
532,Virginia Beach,VA,48504,5362 Elm St,Southeast
533,Philadelphia,PA,52981,4943 Jefferson St,Northeast
534,Tucson,AZ,88986,7081 Maple Ave,Southwest
535,Arlington,TX,68183,5859 Cedar Ln,South
536,Chicago,IL,56210,7226 Madison St,Midwest
537,Minneapolis,MN,17518,1329 Market St,Midwest
538,Las Vegas,NV,77251,2721 Main St,Southwest
539,San Jose,CA,89635,7279 Broadway,West
540,Dallas,TX,18812,3966 Jackson Ave,South
541,Las Vegas,NV,60181,9393 Broadway,Southwest
542,Miami,FL,30111,7471 Jackson Ave,Southeast
543,Las Vegas,NV,68188,1359 Lake Dr,Southwest
544,Dallas,TX,79397,6112 Market St,South
545,Detroit,MI,95139,4666 Lincoln Ave,Midwest
546,San Diego,CA,13396,3148 Walnut St,West
547,Atlanta,GA,60723,9302 Elm St,Southeast
548,Seattle,WA,44116,7411 Washington Blvd,West
549,Oakland,CA,47431,8147 Washington Blvd,West
550,San Diego,CA,27790,1313 Cedar Ln,West
551,Jacksonville,FL,68341,1538 Adams St,Southeast
552,Cleveland,OH,55537,1163 River Rd,Midwest
553,Virginia Beach,VA,48058,5014 Maple Ave,Southeast
554,New Orleans,LA,93584,2952 Jackson Ave,South
555,Kansas City,MO,39391,2088 Washington Blvd,Midwest
556,Dallas,TX,41029,8194 Main St,South
557,Las Vegas,NV,82616,9476 Jackson Ave,Southwest
558,Fresno,CA,82305,2226 Hill St,West
559,Philadelphia,PA,18617,5167 Market St,Northeast
560,New Orleans,LA,72739,8712 Pine St,South
561,Anaheim,CA,63665,9519 Park Ave,West
562,Dallas,TX,51553,1315 Cedar Ln,South
563,Fresno,CA,99143,8576 Jackson Ave,West
564,Dallas,TX,82260,9730 Maple Ave,South
565,Anaheim,CA,26912,7188 Chestnut St,West
566,Houston,TX,26274,8588 Oak St,South
567,El Paso,TX,31581,2753 Adams St,South
568,New Orleans,LA,39552,5769 Chestnut St,South
569,Boston,MA,20336,4205 Washington Blvd,Northeast
570,Minneapolis,MN,82199,4596 Oak St,Midwest
571,Minneapolis,MN,49691,8840 Park Ave,Midwest
572,Kansas City,MO,94015,2862 Lake Dr,Midwest
573,Raleigh,NC,30210,2904 Hill St,Southeast
574,Bakersfield,CA,89316,5631 Lake Dr,West
575,Chicago,IL,13718,1430 Broadway,Midwest
576,Tulsa,OK,85598,4436 Washington Blvd,South
577,Anaheim,CA,84991,6925 Hill St,West
578,Minneapolis,MN,13969,8259 River Rd,Midwest
579,Boston,MA,94136,5049 Walnut St,Northeast
580,Indianapolis,IN,99783,6753 Jefferson St,Midwest
581,Fresno,CA,19564,1081 Maple Ave,West
582,Tucson,AZ,64476,8033 Cedar Ln,Southwest
583,Columbus,OH,54589,2453 Adams St,Midwest
584,New Orleans,LA,51853,5758 Market St,South
585,Dallas,TX,58567,8537 River Rd,South
586,San Antonio,TX,51827,4060 Cedar Ln,South
587,San Diego,CA,45058,7466 Lincoln Ave,West
588,San Jose,CA,22689,929 Jefferson St,West
589,Louisville,KY,90658,6950 Lincoln Ave,South
590,Austin,TX,52917,9564 Adams St,South
591,Fort Worth,TX,30885,8263 Chestnut St,South
592,Fresno,CA,75373,5155 Walnut St,West
593,Los Angeles,CA,21802,6542 Chestnut St,West
594,Fresno,CA,41552,3624 Lake Dr,West
595,Portland,OR,16377,928 Jefferson St,West
596,Mesa,AZ,88317,7810 Jefferson St,Southwest
597,Virginia Beach,VA,11071,1861 Pine St,Southeast
598,Dallas,TX,44664,6092 Market St,South
599,Las Vegas,NV,15930,6663 Broadway,Southwest
600,Colorado Springs,CO,83638,3289 Jackson Ave,West
601,Omaha,NE,47827,1304 Market St,Midwest
602,Kansas City,MO,69028,9108 Madison St,Midwest
603,Oakland,CA,99181,2046 Oak St,West
604,San Antonio,TX,61629,6214 Adams St,South
605,Omaha,NE,57920,2463 Washington Blvd,Midwest
606,Miami,FL,76731,6676 Chestnut St,Southeast
607,Chicago,IL,15938,737 Oak St,Midwest
608,New Orleans,LA,53652,7861 Chestnut St,South
609,Fresno,CA,29521,8546 Oak St,West
610,Detroit,MI,90356,5318 Maple Ave,Midwest
611,Baltimore,MD,90805,5002 Lake Dr,Northeast
612,Nashville,TN,76494,8451 River Rd,South
613,Mesa,AZ,83783,5011 Walnut St,Southwest
614,Los Angeles,CA,58281,5527 Elm St,West
615,Milwaukee,WI,86507,5140 Main St,Midwest
616,Miami,FL,72205,4450 Lake Dr,Southeast
617,Colorado Springs,CO,39824,941 Lake Dr,West
618,Sacramento,CA,32349,8689 Hill St,West
619,Anaheim,CA,59832,2521 Lincoln Ave,West
620,Chicago,IL,85047,1900 Washington Blvd,Midwest
621,Los Angeles,CA,67807,5239 Pine St,West
622,San Jose,CA,64127,3440 Pine St,West
623,Kansas City,MO,90147,7826 Broadway,Midwest
624,New Orleans,LA,28098,8598 Washington Blvd,South
625,Omaha,NE,52604,7937 Chestnut St,Midwest
626,Louisville,KY,51124,2937 Cedar Ln,South
627,Virginia Beach,VA,54869,9050 Jackson Ave,Southeast
628,Wichita,KS,99226,4431 Hill St,Midwest
629,Sacramento,CA,35200,4138 Madison St,West
630,Omaha,NE,49124,3784 Jefferson St,Midwest
631,Anaheim,CA,47880,3496 Walnut St,West
632,Detroit,MI,72888,5814 River Rd,Midwest
633,Bakersfield,CA,45842,4815 Elm St,West
634,Colorado Springs,CO,98686,8999 Market St,West
635,Baltimore,MD,55237,2499 Jefferson St,Northeast
636,Chicago,IL,47700,1394 Jackson Ave,Midwest
637,Tucson,AZ,95979,4301 Walnut St,Southwest
638,Columbus,OH,36485,8924 Madison St,Midwest
639,Omaha,NE,45601,2349 Elm St,Midwest
640,Oakland,CA,86917,4020 Lincoln Ave,West
641,Houston,TX,97796,8800 Lincoln Ave,South
642,Minneapolis,MN,40518,960 Elm St,Midwest
643,Milwaukee,WI,53292,7839 Elm St,Midwest
644,Wichita,KS,28018,184 River Rd,Midwest
645,Austin,TX,63334,7893 Walnut St,South
646,Tulsa,OK,36143,4806 Adams St,South
647,Boston,MA,94659,1069 Park Ave,Northeast
648,Tulsa,OK,85252,3904 River Rd,South
649,Tampa,FL,14888,2968 Pine St,Southeast
650,Jacksonville,FL,14763,6604 Walnut St,Southeast
651,Jacksonville,FL,47941,713 Main St,Southeast
652,El Paso,TX,84443,9975 Elm St,South
653,Nashville,TN,47298,7544 River Rd,South
654,Atlanta,GA,74738,2298 Chestnut St,Southeast
655,Fresno,CA,45761,3259 Elm St,West
656,Nashville,TN,31298,7618 Madison St,South
657,New Orleans,LA,34405,330 Adams St,South
658,Boston,MA,84420,3264 Maple Ave,Northeast
659,Oakland,CA,93719,6743 Pine St,West
660,Kansas City,MO,52982,1521 Market St,Midwest
661,Cleveland,OH,22502,3127 Oak St,Midwest
662,Sacramento,CA,52415,4164 Main St,West
663,Seattle,WA,60275,3958 Cedar Ln,West
664,Honolulu,HI,44995,5500 Jefferson St,West
665,Raleigh,NC,85088,287 Madison St,Southeast
666,Tulsa,OK,57127,3971 Broadway,South
667,Cleveland,OH,25495,7725 Jefferson St,Midwest
668,Austin,TX,63138,8333 Jefferson St,South
669,Arlington,TX,25389,4933 Jackson Ave,South
670,Oakland,CA,38947,3690 Oak St,West
671,Sacramento,CA,30078,7554 Hill St,West
672,Las Vegas,NV,64505,9098 Walnut St,Southwest
673,Honolulu,HI,80453,3678 Lincoln Ave,West
674,Wichita,KS,88094,1441 Chestnut St,Midwest
675,Tucson,AZ,79228,6027 Park Ave,Southwest
676,Colorado Springs,CO,24707,1111 River Rd,West
677,Kansas City,MO,36497,9483 River Rd,Midwest
678,San Jose,CA,31566,5475 Chestnut St,West
679,Tucson,AZ,25235,3465 Lake Dr,Southwest
680,Mesa,AZ,21919,8461 Cedar Ln,Southwest
681,Houston,TX,69432,2261 Chestnut St,South
682,Milwaukee,WI,69873,9339 Broadway,Midwest
683,Omaha,NE,70604,5149 Main St,Midwest
684,Baltimore,MD,43352,149 Washington Blvd,Northeast
685,Raleigh,NC,19572,842 Pine St,Southeast
686,Portland,OR,18357,8966 Broadway,West
687,Phoenix,AZ,71875,619 Jefferson St,Southwest
688,Milwaukee,WI,33590,2318 Pine St,Midwest
689,Las Vegas,NV,60132,7448 Market St,Southwest
690,Louisville,KY,20518,8935 Oak St,South
691,Tulsa,OK,55582,2043 Maple Ave,South
692,Virginia Beach,VA,61518,8764 Oak St,Southeast
693,Bakersfield,CA,39188,156 Main St,West
694,El Paso,TX,70686,9020 Pine St,South
695,Virginia Beach,VA,59712,3862 Lincoln Ave,Southeast
696,Fresno,CA,55371,2641 Madison St,West
697,Fort Worth,TX,24790,627 Pine St,South
698,Oakland,CA,12050,4043 Washington Blvd,West
699,Phoenix,AZ,23224,9831 Broadway,Southwest
700,Tucson,AZ,88352,897 Lincoln Ave,Southwest
701,Tampa,FL,15798,6690 Cedar Ln,Southeast
702,Charlotte,NC,80747,3659 Broadway,Southeast
703,Dallas,TX,76046,4839 Lincoln Ave,South
704,Bakersfield,CA,85511,5324 Lake Dr,West
705,Miami,FL,98150,5353 Lincoln Ave,Southeast
706,El Paso,TX,28777,8640 Lincoln Ave,South
707,Milwaukee,WI,49387,4608 Broadway,Midwest
708,Omaha,NE,87550,2969 Pine St,Midwest
709,Omaha,NE,74962,868 Jackson Ave,Midwest
710,Tulsa,OK,97994,6344 Chestnut St,South
711,Detroit,MI,64568,6788 Oak St,Midwest
712,El Paso,TX,59343,3112 River Rd,South
713,Sacramento,CA,41584,3792 Jefferson St,West
714,New Orleans,LA,28920,7686 Broadway,South
715,Omaha,NE,64090,6924 River Rd,Midwest
716,Atlanta,GA,27575,6463 Lincoln Ave,Southeast
717,Seattle,WA,36651,5511 Park Ave,West
718,Tucson,AZ,58637,1614 River Rd,Southwest
719,Bakersfield,CA,34966,944 Madison St,West
720,Louisville,KY,98299,9978 Broadway,South
721,Phoenix,AZ,34662,9726 River Rd,Southwest
722,Columbus,OH,72835,3522 Adams St,Midwest
723,El Paso,TX,12009,3570 Washington Blvd,South
724,Tampa,FL,25376,7946 Lincoln Ave,Southeast
725,Arlington,TX,89220,3450 Market St,South
726,Indianapolis,IN,82362,5369 Jefferson St,Midwest
727,Louisville,KY,71112,8843 Jackson Ave,South
728,El Paso,TX,44283,5992 Chestnut St,South
729,Mesa,AZ,71080,1715 Walnut St,Southwest
730,Honolulu,HI,51973,3428 Jackson Ave,West
731,Detroit,MI,64254,849 Lake Dr,Midwest
732,Charlotte,NC,29126,365 Madison St,Southeast
733,Omaha,NE,86550,9588 Pine St,Midwest
734,Boston,MA,29976,3314 Adams St,Northeast
735,Charlotte,NC,59786,9435 Lincoln Ave,Southeast
736,Mesa,AZ,82173,5630 Madison St,Southwest
737,Honolulu,HI,74044,8137 Cedar Ln,West
738,Austin,TX,56160,2873 Oak St,South
739,Bakersfield,CA,81636,8100 Maple Ave,West
740,Virginia Beach,VA,94123,1062 Chestnut St,Southeast
741,Chicago,IL,19742,894 Main St,Midwest
742,Milwaukee,WI,28021,3891 Park Ave,Midwest
743,New Orleans,LA,29795,249 Washington Blvd,South
744,Kansas City,MO,69770,6214 Broadway,Midwest
745,Oakland,CA,93588,8016 Walnut St,West
746,Los Angeles,CA,10866,8819 River Rd,West
747,Milwaukee,WI,11553,374 Chestnut St,Midwest
748,Bakersfield,CA,46010,8877 Jefferson St,West
749,Los Angeles,CA,75826,7154 Maple Ave,West
750,San Antonio,TX,22624,8691 Oak St,South
751,Indianapolis,IN,35156,8725 Madison St,Midwest
752,Portland,OR,45038,6602 Park Ave,West
753,Las Vegas,NV,63218,7620 Lake Dr,Southwest
754,Indianapolis,IN,39603,5014 Park Ave,Midwest
755,Tulsa,OK,95182,619 Park Ave,South
756,Baltimore,MD,59710,6279 River Rd,Northeast
757,Sacramento,CA,17355,254 Maple Ave,West
758,Philadelphia,PA,75517,7209 Adams St,Northeast
759,Colorado Springs,CO,22499,8753 Broadway,West
760,Charlotte,NC,37710,9386 Walnut St,Southeast
761,Denver,CO,16102,1318 Madison St,West
762,Virginia Beach,VA,83860,639 Maple Ave,Southeast
763,Detroit,MI,12052,3494 Lake Dr,Midwest
764,San Jose,CA,62205,1360 Jefferson St,West
765,Austin,TX,83919,4039 Lake Dr,South
766,Louisville,KY,98740,8956 Adams St,South
767,Louisville,KY,28343,1384 Chestnut St,South
768,Tampa,FL,55332,979 Elm St,Southeast
769,Albuquerque,NM,40427,1345 Adams St,Southwest
770,Miami,FL,90460,9858 Market St,Southeast
771,Anaheim,CA,52778,585 Madison St,West
772,Tucson,AZ,74304,3837 Jackson Ave,Southwest
773,Omaha,NE,59207,7175 Maple Ave,Midwest
774,Wichita,KS,86791,6327 Park Ave,Midwest
775,Anaheim,CA,91083,4939 Lincoln Ave,West
776,New Orleans,LA,19634,1444 Madison St,South
777,San Jose,CA,59807,2627 Market St,West
778,Detroit,MI,57277,1845 Park Ave,Midwest
779,New York,NY,50405,7386 Jackson Ave,Northeast
780,Honolulu,HI,45358,1774 Oak St,West
781,Philadelphia,PA,34561,7161 Cedar Ln,Northeast
782,Omaha,NE,82710,8495 Pine St,Midwest
783,San Antonio,TX,13442,1568 Jackson Ave,South
784,Omaha,NE,22198,9880 Hill St,Midwest
785,Detroit,MI,60493,302 Jefferson St,Midwest
786,Milwaukee,WI,60829,1487 River Rd,Midwest
787,Indianapolis,IN,84967,8637 Maple Ave,Midwest
788,Wichita,KS,59903,2877 Oak St,Midwest
789,Denver,CO,49469,4497 Walnut St,West
790,San Jose,CA,18292,2839 Pine St,West
791,Denver,CO,65194,5011 Walnut St,West
792,Phoenix,AZ,57333,4223 Lincoln Ave,Southwest
793,Bakersfield,CA,91924,8223 Hill St,West
794,Oakland,CA,35630,7601 Elm St,West
795,Dallas,TX,49932,210 Market St,South
796,Nashville,TN,91289,6324 Adams St,South
797,Tucson,AZ,53874,7155 Hill St,Southwest
798,Dallas,TX,49378,5353 Hill St,South
799,Arlington,TX,36326,7948 Adams St,South
800,Jacksonville,FL,62198,5328 Jefferson St,Southeast
801,Tampa,FL,92955,8144 Lake Dr,Southeast
802,Indianapolis,IN,52714,6261 Madison St,Midwest
803,Baltimore,MD,57843,1965 Lake Dr,Northeast
804,Fort Worth,TX,87624,9039 Maple Ave,South
805,Wichita,KS,82102,540 Cedar Ln,Midwest
806,New Orleans,LA,37479,7283 Jefferson St,South
807,Arlington,TX,19064,6803 Walnut St,South
808,Dallas,TX,93012,5061 Lincoln Ave,South
809,Seattle,WA,96332,2625 Pine St,West
810,Louisville,KY,19694,7457 Hill St,South
811,Sacramento,CA,86315,6666 River Rd,West
812,Kansas City,MO,64827,9007 Broadway,Midwest
813,Las Vegas,NV,80373,9829 Park Ave,Southwest
814,San Antonio,TX,42536,5916 Maple Ave,South
815,Tulsa,OK,90304,825 Lake Dr,South
816,Tulsa,OK,98797,6647 Adams St,South
817,Albuquerque,NM,23886,272 Elm St,Southwest
818,Seattle,WA,39098,8466 Chestnut St,West
819,Omaha,NE,86089,9524 Lincoln Ave,Midwest
820,Tucson,AZ,59036,6508 Cedar Ln,Southwest
821,Anaheim,CA,99070,9743 Chestnut St,West
822,San Jose,CA,55215,502 Walnut St,West
823,San Antonio,TX,48722,6915 Park Ave,South
824,San Diego,CA,28569,5807 Jefferson St,West
825,Nashville,TN,69681,3489 Chestnut St,South
826,Sacramento,CA,55652,7901 Elm St,West
827,Tucson,AZ,69303,5325 Park Ave,Southwest
828,El Paso,TX,15856,1985 Main St,South
829,Nashville,TN,94930,1891 Maple Ave,South
830,Tampa,FL,41970,8554 Maple Ave,Southeast
831,Omaha,NE,30989,5522 River Rd,Midwest
832,Albuquerque,NM,70562,3898 Market St,Southwest
833,Minneapolis,MN,34176,3153 Pine St,Midwest
834,Baltimore,MD,13826,3332 Cedar Ln,Northeast
835,Raleigh,NC,66302,6470 Main St,Southeast
836,New Orleans,LA,38153,3471 Madison St,South
837,Honolulu,HI,18200,9559 Elm St,West
838,Virginia Beach,VA,34505,6093 Adams St,Southeast
839,Fort Worth,TX,69972,1967 Madison St,South
840,Cleveland,OH,74157,8746 Adams St,Midwest
841,Miami,FL,60939,6531 Lake Dr,Southeast
842,San Diego,CA,55603,5866 Cedar Ln,West
843,Oakland,CA,32613,4973 Hill St,West
844,Raleigh,NC,21108,2294 Adams St,Southeast
845,San Diego,CA,41270,5103 Elm St,West
846,Jacksonville,FL,58929,2416 Chestnut St,Southeast
847,Louisville,KY,64819,9871 Oak St,South
848,Colorado Springs,CO,60293,7031 Maple Ave,West
849,Mesa,AZ,93296,8904 Maple Ave,Southwest
850,Omaha,NE,31871,8122 Jefferson St,Midwest
851,Dallas,TX,34523,5254 Cedar Ln,South
852,Oakland,CA,17026,5982 Main St,West
853,Mesa,AZ,27895,3296 Market St,Southwest
854,Omaha,NE,76248,8209 Pine St,Midwest
855,Wichita,KS,74451,6909 Cedar Ln,Midwest
856,Mesa,AZ,31922,1454 Lake Dr,Southwest
857,Los Angeles,CA,38905,4885 Broadway,West
858,Denver,CO,39470,8908 Jefferson St,West
859,Austin,TX,69942,9367 Walnut St,South
860,Omaha,NE,76952,1954 Lake Dr,Midwest
861,San Diego,CA,45112,8998 Jackson Ave,West
862,Virginia Beach,VA,15453,7331 River Rd,Southeast
863,Columbus,OH,65725,1777 Lincoln Ave,Midwest
864,El Paso,TX,14224,7468 Madison St,South
865,Portland,OR,21401,7293 Elm St,West
866,Anaheim,CA,41056,3538 Lake Dr,West
867,Arlington,TX,55957,7115 Maple Ave,South
868,Oakland,CA,28249,3485 Washington Blvd,West
869,Houston,TX,84720,5847 River Rd,South
870,Denver,CO,88231,8927 Maple Ave,West
871,Detroit,MI,48356,4840 Lake Dr,Midwest
872,Denver,CO,77425,1660 Oak St,West
873,Honolulu,HI,63948,1071 Madison St,West
874,Tulsa,OK,26631,2274 Lincoln Ave,South
875,San Jose,CA,52217,4155 Market St,West
876,Mesa,AZ,28634,9560 Madison St,Southwest
877,Minneapolis,MN,64293,6246 Cedar Ln,Midwest
878,Phoenix,AZ,93050,1625 Market St,Southwest
879,Kansas City,MO,46467,6146 Cedar Ln,Midwest
880,Mesa,AZ,52898,9634 Main St,Southwest
881,Anaheim,CA,22208,7611 Jackson Ave,West
882,Phoenix,AZ,80048,6616 Washington Blvd,Southwest
883,Albuquerque,NM,37767,8205 Madison St,Southwest
884,Detroit,MI,47171,5633 River Rd,Midwest
885,Colorado Springs,CO,27117,9375 Walnut St,West
886,Nashville,TN,99463,893 Broadway,South
887,San Antonio,TX,92074,7629 Main St,South
888,San Diego,CA,30707,7330 Cedar Ln,West
889,New York,NY,66072,3414 Oak St,Northeast
890,Tulsa,OK,49566,2704 Madison St,South
891,Philadelphia,PA,95798,6005 Madison St,Northeast
892,Philadelphia,PA,58738,2811 Broadway,Northeast
893,Baltimore,MD,91999,5105 Lincoln Ave,Northeast
894,Albuquerque,NM,95915,1594 Elm St,Southwest
895,New York,NY,37973,7912 Park Ave,Northeast
896,Dallas,TX,87814,3805 Chestnut St,South
897,Wichita,KS,68335,252 Main St,Midwest
898,Arlington,TX,55032,2075 Pine St,South
899,Arlington,TX,27324,7926 Park Ave,South
900,Charlotte,NC,60209,1563 Elm St,Southeast
901,San Antonio,TX,51071,6122 Jefferson St,South
902,Dallas,TX,60164,2281 Oak St,South
903,Phoenix,AZ,79534,9328 Main St,Southwest
904,Oakland,CA,95199,2788 Cedar Ln,West
905,Portland,OR,37925,2580 Pine St,West
906,Oakland,CA,99989,7348 Washington Blvd,West
907,Philadelphia,PA,23168,2393 Elm St,Northeast
908,Raleigh,NC,60335,5859 Pine St,Southeast
909,Detroit,MI,28327,4159 Madison St,Midwest
910,Tulsa,OK,21042,4165 River Rd,South
911,Miami,FL,88644,4768 Main St,Southeast
912,Cleveland,OH,49537,3466 Chestnut St,Midwest
913,Miami,FL,76784,3190 Market St,Southeast
914,Boston,MA,94694,994 Lincoln Ave,Northeast
915,Mesa,AZ,60578,1947 Lincoln Ave,Southwest
916,Mesa,AZ,93634,9830 Park Ave,Southwest
917,Atlanta,GA,11581,6016 Adams St,Southeast
918,Dallas,TX,60703,9412 Pine St,South
919,Las Vegas,NV,81612,2930 Walnut St,Southwest
920,Anaheim,CA,19567,373 Lake Dr,West
921,Phoenix,AZ,11807,4395 Washington Blvd,Southwest
922,Chicago,IL,17925,6620 Chestnut St,Midwest
923,Boston,MA,92388,8309 Pine St,Northeast
924,Albuquerque,NM,62727,1450 River Rd,Southwest
925,Virginia Beach,VA,90746,2601 Madison St,Southeast
926,Philadelphia,PA,50620,1394 Chestnut St,Northeast
927,Columbus,OH,30365,8888 Adams St,Midwest
928,Baltimore,MD,86865,1183 Jefferson St,Northeast
929,Arlington,TX,67342,4009 Broadway,South
930,Indianapolis,IN,21300,7218 Elm St,Midwest
931,Fresno,CA,90254,1001 Jefferson St,West
932,Cleveland,OH,96252,2977 Elm St,Midwest
933,New York,NY,27984,285 Maple Ave,Northeast
934,Mesa,AZ,55443,8668 Chestnut St,Southwest
935,Bakersfield,CA,43980,2835 Jackson Ave,West
936,Dallas,TX,45227,2034 Main St,South
937,Nashville,TN,66272,4556 Chestnut St,South
938,Phoenix,AZ,44465,9547 Park Ave,Southwest
939,Mesa,AZ,69663,8468 Jackson Ave,Southwest
940,Houston,TX,75484,9387 Maple Ave,South
941,Las Vegas,NV,30618,4279 Elm St,Southwest
942,Colorado Springs,CO,98358,1989 Lincoln Ave,West
943,Tampa,FL,76692,142 Broadway,Southeast
944,New York,NY,42053,853 Walnut St,Northeast
945,Las Vegas,NV,60197,2558 Maple Ave,Southwest
946,Chicago,IL,82465,6970 Lincoln Ave,Midwest
947,Detroit,MI,42540,6919 Adams St,Midwest
948,Denver,CO,20208,9464 Jackson Ave,West
949,San Diego,CA,75803,962 Maple Ave,West
950,Charlotte,NC,77603,852 Market St,Southeast
951,Phoenix,AZ,70960,4725 Jefferson St,Southwest
952,Detroit,MI,21322,9161 Cedar Ln,Midwest
953,New York,NY,58354,3387 Jefferson St,Northeast
954,Colorado Springs,CO,49834,4074 Cedar Ln,West
955,Las Vegas,NV,87554,8183 Washington Blvd,Southwest
956,Bakersfield,CA,81638,4116 Oak St,West
957,New York,NY,63744,491 Lincoln Ave,Northeast
958,Virginia Beach,VA,55406,257 Adams St,Southeast
959,New York,NY,96154,6264 Jefferson St,Northeast
960,San Antonio,TX,36895,8780 Lincoln Ave,South
961,Milwaukee,WI,74491,1081 Oak St,Midwest
962,New Orleans,LA,46677,1624 Broadway,South
963,Charlotte,NC,78125,6867 Jackson Ave,Southeast
964,Fresno,CA,21128,9615 Elm St,West
965,Kansas City,MO,27499,6561 Park Ave,Midwest
966,Raleigh,NC,84425,1120 Pine St,Southeast
967,Cleveland,OH,27132,3979 Jefferson St,Midwest
968,Seattle,WA,51288,6538 Adams St,West
969,Detroit,MI,69343,4555 Lincoln Ave,Midwest
970,Phoenix,AZ,36569,2330 Lake Dr,Southwest
971,San Antonio,TX,30369,1831 Maple Ave,South
972,Tucson,AZ,71086,5245 Pine St,Southwest
973,San Diego,CA,80244,5970 Washington Blvd,West
974,Tucson,AZ,50410,7691 Madison St,Southwest
975,San Diego,CA,21851,2682 Jefferson St,West
976,New Orleans,LA,89076,760 Washington Blvd,South
977,Detroit,MI,29441,1594 Lincoln Ave,Midwest
978,Portland,OR,61936,8512 Broadway,West
979,Wichita,KS,49169,4362 Maple Ave,Midwest
980,Los Angeles,CA,63004,7508 River Rd,West
981,Tampa,FL,82105,4193 Elm St,Southeast
982,Fresno,CA,23357,2390 Elm St,West
983,New York,NY,18083,3741 Oak St,Northeast
984,Fort Worth,TX,62505,6198 Park Ave,South
985,Raleigh,NC,86823,4340 Park Ave,Southeast
986,Los Angeles,CA,18450,3339 Cedar Ln,West
987,Dallas,TX,22055,5532 Elm St,South
988,Chicago,IL,70423,929 Maple Ave,Midwest
989,Colorado Springs,CO,66774,6571 Walnut St,West
990,Los Angeles,CA,60165,7090 Maple Ave,West
991,Portland,OR,38143,3166 Madison St,West
992,Denver,CO,68459,2535 Broadway,West
993,Oakland,CA,91156,4126 Jefferson St,West
994,Mesa,AZ,64000,9122 Walnut St,Southwest
995,Houston,TX,21497,4683 Market St,South
996,Dallas,TX,64949,3367 Chestnut St,South
997,Indianapolis,IN,92674,9007 Main St,Midwest
998,Louisville,KY,57069,7959 River Rd,South
999,Mesa,AZ,55093,9367 Chestnut St,Southwest
1000,Detroit,MI,60905,4530 Maple Ave,Midwest
