store_id,store_name,location_id,manager_name,phone,email,opening_hours
1,FreshMart Downtown,1,John Smith,555-0101,john.smith@freshmart.com,8:00-22:00
2,GreenGrocer North,2,Sarah Johnson,555-0102,sarah.j@greengrocer.com,7:00-23:00
3,FreshMart Westside,3,Michael Chen,555-0103,m.chen@freshmart.com,8:00-22:00
4,Organic Plaza,4,Emily Davis,555-0104,emily.d@organicplaza.com,9:00-21:00
5,QuickMart Central,5,Robert Wilson,555-0105,r.wilson@quickmart.com,24/7
6,FreshMart Eastside,6,Lisa Anderson,555-0106,l.anderson@freshmart.com,8:00-22:00
7,GreenGrocer South,7,David Martinez,555-0107,d.martinez@greengrocer.com,7:00-23:00
8,Organic Plaza Premium,8,Jennifer Taylor,555-0108,j.taylor@organicplaza.com,9:00-21:00
9,QuickMart Express,9,James Brown,555-0109,j.brown@quickmart.com,24/7
10,FreshMart Suburban,10,Patricia White,555-0110,p.white@freshmart.com,8:00-22:00
11,FreshMart West,1,Jennifer Taylor,555-0011,jennifer.taylor@freshmart.com,7:00-23:00
12,GreenGrocer North,1,Ashley Young,555-0012,ashley.young@greengrocer.com,8:00-22:00
13,FreshMart Downtown,2,Michael Chen,555-0013,michael.chen@freshmart.com,7:00-23:00
14,GreenGrocer Suburban,2,Michelle Wright,555-0014,michelle.wright@greengrocer.com,8:00-22:00
15,ValueMart East,2,Ashley Young,555-0015,ashley.young@valuemart.com,24/7
16,QuickMart Plaza,3,James Brown,555-0016,james.brown@quickmart.com,8:00-22:00
17,GreenGrocer Premium,3,Christopher Lee,555-0017,christopher.lee@greengrocer.com,9:00-21:00
18,GreenGrocer Central,4,Emily Davis,555-0018,emily.davis@greengrocer.com,8:00-22:00
19,QuickMart North,4,Maria Garcia,555-0019,maria.garcia@quickmart.com,9:00-21:00
20,FreshMart Express,5,Ashley Young,555-0020,ashley.young@freshmart.com,8:00-22:00
21,QuickMart North,5,Ashley Young,555-0021,ashley.young@quickmart.com,9:00-21:00
22,SuperSave Plaza,5,Maria Garcia,555-0022,maria.garcia@supersave.com,6:00-24:00
23,SuperSave North,6,Sarah Johnson,555-0023,sarah.johnson@supersave.com,7:00-23:00
24,Organic Plaza North,6,Jennifer Taylor,555-0024,jennifer.taylor@organicplaza.com,8:00-22:00
25,Organic Plaza Express,7,Maria Garcia,555-0025,maria.garcia@organicplaza.com,7:00-23:00
26,Organic Plaza Central,7,David Martinez,555-0026,david.martinez@organicplaza.com,9:00-21:00
27,SuperSave North,7,Michelle Wright,555-0027,michelle.wright@supersave.com,7:00-23:00
28,GreenGrocer Express,8,Kevin Rodriguez,555-0028,kevin.rodriguez@greengrocer.com,9:00-21:00
29,SuperSave Suburban,8,Jennifer Taylor,555-0029,jennifer.taylor@supersave.com,9:00-21:00
30,GreenGrocer Downtown,9,Christopher Lee,555-0030,christopher.lee@greengrocer.com,24/7
31,Organic Plaza North,9,David Martinez,555-0031,david.martinez@organicplaza.com,6:00-24:00
32,GreenGrocer Express,10,Kevin Rodriguez,555-0032,kevin.rodriguez@greengrocer.com,24/7
33,GreenGrocer West,10,Robert Wilson,555-0033,robert.wilson@greengrocer.com,7:00-23:00
34,SuperSave Suburban,10,Ashley Young,555-0034,ashley.young@supersave.com,9:00-21:00
35,ValueMart Premium,11,Maria Garcia,555-0035,maria.garcia@valuemart.com,7:00-23:00
36,GreenGrocer Suburban,11,Jessica Hall,555-0036,jessica.hall@greengrocer.com,8:00-22:00
37,FreshMart North,11,Robert Wilson,555-0037,robert.wilson@freshmart.com,7:00-23:00
38,ValueMart North,12,Kevin Rodriguez,555-0038,kevin.rodriguez@valuemart.com,24/7
39,ValueMart Express,12,Matthew Allen,555-0039,matthew.allen@valuemart.com,9:00-21:00
40,ValueMart Downtown,12,Emily Davis,555-0040,emily.davis@valuemart.com,6:00-24:00
41,SuperSave Central,13,Emily Davis,555-0041,emily.davis@supersave.com,9:00-21:00
42,QuickMart South,13,Daniel Walker,555-0042,daniel.walker@quickmart.com,8:00-22:00
43,SuperSave West,13,Matthew Allen,555-0043,matthew.allen@supersave.com,7:00-23:00
44,SuperSave West,14,Matthew Allen,555-0044,matthew.allen@supersave.com,6:00-24:00
45,GreenGrocer South,14,Maria Garcia,555-0045,maria.garcia@greengrocer.com,7:00-23:00
46,ValueMart Central,15,Jessica Hall,555-0046,jessica.hall@valuemart.com,8:00-22:00
47,FreshMart Central,15,Patricia White,555-0047,patricia.white@freshmart.com,7:00-23:00
48,GreenGrocer Plaza,16,Michael Chen,555-0048,michael.chen@greengrocer.com,8:00-22:00
49,SuperSave Express,16,Michael Chen,555-0049,michael.chen@supersave.com,6:00-24:00
50,GreenGrocer Express,17,Ashley Young,555-0050,ashley.young@greengrocer.com,7:00-23:00
51,Organic Plaza Suburban,17,Michelle Wright,555-0051,michelle.wright@organicplaza.com,24/7
52,ValueMart East,18,Patricia White,555-0052,patricia.white@valuemart.com,24/7
53,SuperSave Central,18,Daniel Walker,555-0053,daniel.walker@supersave.com,6:00-24:00
54,FreshMart East,19,Jennifer Taylor,555-0054,jennifer.taylor@freshmart.com,8:00-22:00
55,Organic Plaza Downtown,19,Joshua King,555-0055,joshua.king@organicplaza.com,6:00-24:00
56,GreenGrocer Plaza,19,Jennifer Taylor,555-0056,jennifer.taylor@greengrocer.com,8:00-22:00
57,SuperSave Downtown,20,Jennifer Taylor,555-0057,jennifer.taylor@supersave.com,8:00-22:00
58,FreshMart Central,20,Michael Chen,555-0058,michael.chen@freshmart.com,6:00-24:00
59,Organic Plaza Express,21,David Martinez,555-0059,david.martinez@organicplaza.com,6:00-24:00
60,GreenGrocer Plaza,21,Joshua King,555-0060,joshua.king@greengrocer.com,24/7
61,QuickMart Premium,22,David Martinez,555-0061,david.martinez@quickmart.com,8:00-22:00
62,FreshMart Premium,22,Maria Garcia,555-0062,maria.garcia@freshmart.com,24/7
63,QuickMart Downtown,23,Emily Davis,555-0063,emily.davis@quickmart.com,8:00-22:00
64,QuickMart Central,23,Emily Davis,555-0064,emily.davis@quickmart.com,7:00-23:00
65,GreenGrocer East,23,Ashley Young,555-0065,ashley.young@greengrocer.com,24/7
66,QuickMart South,24,James Brown,555-0066,james.brown@quickmart.com,24/7
67,GreenGrocer North,24,Daniel Walker,555-0067,daniel.walker@greengrocer.com,6:00-24:00
68,FreshMart Suburban,25,John Smith,555-0068,john.smith@freshmart.com,8:00-22:00
69,GreenGrocer South,25,Amanda Lewis,555-0069,amanda.lewis@greengrocer.com,24/7
70,GreenGrocer Premium,26,Sarah Johnson,555-0070,sarah.johnson@greengrocer.com,7:00-23:00
71,QuickMart Downtown,26,Kevin Rodriguez,555-0071,kevin.rodriguez@quickmart.com,9:00-21:00
72,QuickMart West,26,Amanda Lewis,555-0072,amanda.lewis@quickmart.com,6:00-24:00
73,GreenGrocer East,27,Patricia White,555-0073,patricia.white@greengrocer.com,7:00-23:00
74,FreshMart Plaza,27,Ashley Young,555-0074,ashley.young@freshmart.com,8:00-22:00
75,SuperSave Central,27,Sarah Johnson,555-0075,sarah.johnson@supersave.com,8:00-22:00
76,ValueMart Suburban,28,Lisa Anderson,555-0076,lisa.anderson@valuemart.com,8:00-22:00
77,ValueMart North,28,Lisa Anderson,555-0077,lisa.anderson@valuemart.com,8:00-22:00
78,ValueMart North,28,Jennifer Taylor,555-0078,jennifer.taylor@valuemart.com,24/7
79,ValueMart East,29,Joshua King,555-0079,joshua.king@valuemart.com,6:00-24:00
80,FreshMart Plaza,29,Michael Chen,555-0080,michael.chen@freshmart.com,24/7
81,Organic Plaza East,30,Christopher Lee,555-0081,christopher.lee@organicplaza.com,7:00-23:00
82,Organic Plaza Premium,30,Robert Wilson,555-0082,robert.wilson@organicplaza.com,9:00-21:00
83,QuickMart Central,30,Michael Chen,555-0083,michael.chen@quickmart.com,8:00-22:00
84,ValueMart Plaza,31,Emily Davis,555-0084,emily.davis@valuemart.com,8:00-22:00
85,ValueMart East,31,Matthew Allen,555-0085,matthew.allen@valuemart.com,9:00-21:00
86,GreenGrocer Central,31,Michael Chen,555-0086,michael.chen@greengrocer.com,7:00-23:00
87,Organic Plaza South,32,Daniel Walker,555-0087,daniel.walker@organicplaza.com,6:00-24:00
88,SuperSave West,32,Michelle Wright,555-0088,michelle.wright@supersave.com,6:00-24:00
89,FreshMart Suburban,32,Patricia White,555-0089,patricia.white@freshmart.com,8:00-22:00
90,Organic Plaza North,33,Emily Davis,555-0090,emily.davis@organicplaza.com,6:00-24:00
91,GreenGrocer West,33,Patricia White,555-0091,patricia.white@greengrocer.com,6:00-24:00
92,SuperSave Central,34,David Martinez,555-0092,david.martinez@supersave.com,9:00-21:00
93,ValueMart Express,34,James Brown,555-0093,james.brown@valuemart.com,8:00-22:00
94,SuperSave Premium,35,James Brown,555-0094,james.brown@supersave.com,8:00-22:00
95,FreshMart Central,35,Robert Wilson,555-0095,robert.wilson@freshmart.com,9:00-21:00
96,FreshMart Village,798,Daniel Smith,555-0096,daniel.smith@freshmart.com,8:00-20:00
97,ValueMart North,786,Brian Allen,555-0097,brian.allen@valuemart.com,9:00-21:00
98,UrbanMart Express,673,Christopher Davis,555-0098,christopher.davis@urbanmart.com,7:00-23:00
99,QuickMart Suburban,590,Emily Adams,555-0099,emily.adams@quickmart.com,7:00-23:00
100,MegaMart Corner,607,Maria Anderson,555-0100,maria.anderson@megamart.com,7:00-23:00
101,SuperSave Corner,361,Sarah Scott,555-0101,sarah.scott@supersave.com,7:00-midnight
102,UrbanMart West,903,Kevin Nelson,555-0102,kevin.nelson@urbanmart.com,8:00-20:00
103,EcoMarket Center,39,Michelle Anderson,555-0103,michelle.anderson@ecomarket.com,24/7
104,GreenGrocer North,21,Daniel Wright,555-0104,daniel.wright@greengrocer.com,7:00-23:00
105,PrimeGrocer Heights,207,John Lee,555-0105,john.lee@primegrocer.com,6:00-24:00
106,Organic Plaza Village,890,Maria Baker,555-0106,maria.baker@organicplaza.com,8:00-20:00
107,SuperSave North,722,Sarah Wilson,555-0107,sarah.wilson@supersave.com,6:00-24:00
108,Organic Plaza East,984,Rachel Carter,555-0108,rachel.carter@organicplaza.com,9:00-21:00
109,GreenGrocer Corner,345,Melissa King,555-0109,melissa.king@greengrocer.com,8:00-22:00
110,ValueMart Village,972,James Anderson,555-0110,james.anderson@valuemart.com,7:00-midnight
111,MegaMart Heights,992,Ryan Anderson,555-0111,ryan.anderson@megamart.com,7:00-midnight
112,PrimeGrocer Corner,835,Daniel Hill,555-0112,daniel.hill@primegrocer.com,6:00-24:00
113,Organic Plaza Market,302,Michelle Green,555-0113,michelle.green@organicplaza.com,7:00-midnight
114,Organic Plaza Central,401,John Scott,555-0114,john.scott@organicplaza.com,6:00-24:00
115,UrbanMart North,944,Maria Wright,555-0115,maria.wright@urbanmart.com,9:00-21:00
116,UrbanMart Express,340,David Hall,555-0116,david.hall@urbanmart.com,7:00-23:00
117,CityFresh South,172,Jessica Garcia,555-0117,jessica.garcia@cityfresh.com,9:00-21:00
118,FamilyMart South,272,Laura Walker,555-0118,laura.walker@familymart.com,8:00-22:00
119,QuickMart Express,806,Robert Garcia,555-0119,robert.garcia@quickmart.com,9:00-21:00
120,GreenGrocer Downtown,751,Emily Rodriguez,555-0120,emily.rodriguez@greengrocer.com,24/7
121,MegaMart Central,360,Steven Hall,555-0121,steven.hall@megamart.com,24/7
122,PrimeGrocer Market,808,David Nelson,555-0122,david.nelson@primegrocer.com,24/7
123,UrbanMart Express,819,Christopher Walker,555-0123,christopher.walker@urbanmart.com,8:00-22:00
124,FreshMart Plaza,975,Sarah Lee,555-0124,sarah.lee@freshmart.com,9:00-21:00
125,GreenGrocer South,165,Laura Anderson,555-0125,laura.anderson@greengrocer.com,24/7
126,CityFresh South,629,Lisa Lee,555-0126,lisa.lee@cityfresh.com,6:00-24:00
127,EcoMarket Downtown,622,Rebecca Lopez,555-0127,rebecca.lopez@ecomarket.com,7:00-23:00
128,MegaMart Central,211,Emily Davis,555-0128,emily.davis@megamart.com,9:00-21:00
129,QuickMart Station,305,Matthew Hill,555-0129,matthew.hill@quickmart.com,9:00-21:00
130,QuickMart East,563,Emily Rodriguez,555-0130,emily.rodriguez@quickmart.com,6:00-24:00
131,EcoMarket West,438,Emily Garcia,555-0131,emily.garcia@ecomarket.com,8:00-22:00
132,GreenGrocer Plaza,27,Brian Martinez,555-0132,brian.martinez@greengrocer.com,8:00-22:00
133,QuickMart Central,865,Joshua Chen,555-0133,joshua.chen@quickmart.com,24/7
134,GreenGrocer Plaza,917,Melissa Hall,555-0134,melissa.hall@greengrocer.com,24/7
135,FamilyMart Suburban,397,Lisa Lopez,555-0135,lisa.lopez@familymart.com,6:00-24:00
136,Organic Plaza Corner,457,Eric Garcia,555-0136,eric.garcia@organicplaza.com,7:00-23:00
137,FreshMart Suburban,232,Andrew Walker,555-0137,andrew.walker@freshmart.com,9:00-21:00
138,ValueMart North,684,Patricia Adams,555-0138,patricia.adams@valuemart.com,7:00-midnight
139,GreenGrocer South,424,Brandon Baker,555-0139,brandon.baker@greengrocer.com,6:00-24:00
140,UrbanMart Express,839,Emily Nelson,555-0140,emily.nelson@urbanmart.com,24/7
141,PrimeGrocer Station,488,Brian King,555-0141,brian.king@primegrocer.com,7:00-23:00
142,ValueMart South,36,Melissa Carter,555-0142,melissa.carter@valuemart.com,7:00-midnight
143,PrimeGrocer Park,460,Patricia Davis,555-0143,patricia.davis@primegrocer.com,8:00-20:00
144,Organic Plaza Central,130,Amanda Baker,555-0144,amanda.baker@organicplaza.com,7:00-23:00
145,FreshMart Station,207,Lisa Hill,555-0145,lisa.hill@freshmart.com,24/7
146,FamilyMart West,937,Matthew Lee,555-0146,matthew.lee@familymart.com,7:00-midnight
147,GreenGrocer South,566,Eric Young,555-0147,eric.young@greengrocer.com,24/7
148,SuperSave Suburban,13,Rachel Walker,555-0148,rachel.walker@supersave.com,8:00-20:00
149,CityFresh Park,154,Steven Davis,555-0149,steven.davis@cityfresh.com,24/7
150,Organic Plaza East,104,David King,555-0150,david.king@organicplaza.com,8:00-20:00
151,ValueMart Center,393,Brandon Lewis,555-0151,brandon.lewis@valuemart.com,9:00-21:00
152,FamilyMart Heights,283,Brian Johnson,555-0152,brian.johnson@familymart.com,7:00-23:00
153,MegaMart West,911,Melissa Johnson,555-0153,melissa.johnson@megamart.com,24/7
154,SuperSave Express,943,Emily Green,555-0154,emily.green@supersave.com,24/7
155,ValueMart Corner,813,Sarah Lee,555-0155,sarah.lee@valuemart.com,8:00-20:00
156,ValueMart Plaza,879,Ashley Nelson,555-0156,ashley.nelson@valuemart.com,24/7
157,CityFresh East,998,Daniel Wilson,555-0157,daniel.wilson@cityfresh.com,9:00-21:00
158,CityFresh Square,427,Ryan Brown,555-0158,ryan.brown@cityfresh.com,7:00-midnight
159,UrbanMart South,936,Kevin Walker,555-0159,kevin.walker@urbanmart.com,7:00-23:00
160,MegaMart Heights,841,Rachel Carter,555-0160,rachel.carter@megamart.com,9:00-21:00
161,FreshMart Park,727,Christopher Chen,555-0161,christopher.chen@freshmart.com,9:00-21:00
162,PrimeGrocer Market,537,James Adams,555-0162,james.adams@primegrocer.com,8:00-20:00
163,UrbanMart Downtown,206,Maria Martinez,555-0163,maria.martinez@urbanmart.com,8:00-20:00
164,FreshMart Express,941,Michael Walker,555-0164,michael.walker@freshmart.com,8:00-22:00
165,SuperSave Premium,476,Ashley Garcia,555-0165,ashley.garcia@supersave.com,8:00-20:00
166,PrimeGrocer Market,248,Jennifer Hill,555-0166,jennifer.hill@primegrocer.com,8:00-22:00
167,SuperSave Heights,486,Andrew Anderson,555-0167,andrew.anderson@supersave.com,8:00-20:00
168,UrbanMart Center,858,Brandon Garcia,555-0168,brandon.garcia@urbanmart.com,7:00-23:00
169,ValueMart South,51,Joshua Smith,555-0169,joshua.smith@valuemart.com,24/7
170,Organic Plaza Premium,694,Daniel Lopez,555-0170,daniel.lopez@organicplaza.com,7:00-23:00
171,QuickMart Suburban,886,Steven Allen,555-0171,steven.allen@quickmart.com,8:00-22:00
172,FamilyMart Downtown,178,Brian Wilson,555-0172,brian.wilson@familymart.com,7:00-midnight
173,UrbanMart Downtown,825,Daniel Brown,555-0173,daniel.brown@urbanmart.com,6:00-24:00
174,ValueMart Suburban,358,Rebecca Rodriguez,555-0174,rebecca.rodriguez@valuemart.com,8:00-20:00
175,EcoMarket Suburban,694,Amanda Walker,555-0175,amanda.walker@ecomarket.com,9:00-21:00
176,PrimeGrocer Market,679,David Smith,555-0176,david.smith@primegrocer.com,6:00-24:00
177,SuperSave Center,111,Joshua White,555-0177,joshua.white@supersave.com,7:00-midnight
178,EcoMarket South,333,Laura Brown,555-0178,laura.brown@ecomarket.com,7:00-midnight
179,ValueMart Suburban,530,Michelle Martinez,555-0179,michelle.martinez@valuemart.com,7:00-23:00
180,QuickMart North,698,Melissa Hill,555-0180,melissa.hill@quickmart.com,9:00-21:00
181,Organic Plaza Downtown,929,Stephanie White,555-0181,stephanie.white@organicplaza.com,9:00-21:00
182,MegaMart Market,598,Eric Green,555-0182,eric.green@megamart.com,8:00-22:00
183,CityFresh Premium,228,Laura Green,555-0183,laura.green@cityfresh.com,7:00-midnight
184,FamilyMart Center,520,Brian Hill,555-0184,brian.hill@familymart.com,9:00-21:00
185,ValueMart Central,483,Maria White,555-0185,maria.white@valuemart.com,8:00-22:00
186,Organic Plaza Suburban,671,Maria Hill,555-0186,maria.hill@organicplaza.com,9:00-21:00
187,GreenGrocer Express,893,Brandon Taylor,555-0187,brandon.taylor@greengrocer.com,7:00-midnight
188,ValueMart Station,600,Laura Garcia,555-0188,laura.garcia@valuemart.com,9:00-21:00
189,ValueMart Square,888,Jennifer Hall,555-0189,jennifer.hall@valuemart.com,8:00-22:00
190,FamilyMart South,123,Brian Martinez,555-0190,brian.martinez@familymart.com,6:00-24:00
191,FamilyMart Market,56,Rachel White,555-0191,rachel.white@familymart.com,24/7
192,Organic Plaza West,584,Kevin Lee,555-0192,kevin.lee@organicplaza.com,24/7
193,EcoMarket West,185,Ryan Carter,555-0193,ryan.carter@ecomarket.com,7:00-midnight
194,GreenGrocer Heights,321,Laura Lopez,555-0194,laura.lopez@greengrocer.com,7:00-23:00
195,FamilyMart North,215,John Walker,555-0195,john.walker@familymart.com,9:00-21:00
196,Organic Plaza Central,799,Stephanie Baker,555-0196,stephanie.baker@organicplaza.com,8:00-20:00
197,GreenGrocer West,414,Rebecca Lopez,555-0197,rebecca.lopez@greengrocer.com,24/7
198,MegaMart Heights,547,Eric Smith,555-0198,eric.smith@megamart.com,8:00-22:00
199,QuickMart Corner,854,John Lee,555-0199,john.lee@quickmart.com,8:00-20:00
200,PrimeGrocer Premium,642,Sarah Hill,555-0200,sarah.hill@primegrocer.com,8:00-22:00
201,CityFresh Express,320,Daniel Scott,555-0201,daniel.scott@cityfresh.com,9:00-21:00
202,Organic Plaza East,314,Eric Allen,555-0202,eric.allen@organicplaza.com,6:00-24:00
203,Organic Plaza South,467,Michael White,555-0203,michael.white@organicplaza.com,9:00-21:00
204,CityFresh Park,910,Rachel Lee,555-0204,rachel.lee@cityfresh.com,24/7
205,FamilyMart West,769,Laura Hall,555-0205,laura.hall@familymart.com,9:00-21:00
206,QuickMart Central,230,Melissa Smith,555-0206,melissa.smith@quickmart.com,7:00-23:00
207,CityFresh West,604,Amanda Green,555-0207,amanda.green@cityfresh.com,8:00-22:00
208,PrimeGrocer Central,667,Jennifer Garcia,555-0208,jennifer.garcia@primegrocer.com,7:00-midnight
209,FreshMart Market,639,Matthew Adams,555-0209,matthew.adams@freshmart.com,6:00-24:00
210,FreshMart North,21,David Lopez,555-0210,david.lopez@freshmart.com,8:00-20:00
211,FreshMart East,127,Steven Walker,555-0211,steven.walker@freshmart.com,24/7
212,PrimeGrocer Suburban,211,Brian Scott,555-0212,brian.scott@primegrocer.com,7:00-23:00
213,CityFresh Downtown,104,Michelle Lewis,555-0213,michelle.lewis@cityfresh.com,7:00-midnight
214,FamilyMart Park,718,Ashley Wright,555-0214,ashley.wright@familymart.com,6:00-24:00
215,Organic Plaza Station,633,David Allen,555-0215,david.allen@organicplaza.com,7:00-midnight
216,GreenGrocer Plaza,510,Jennifer Baker,555-0216,jennifer.baker@greengrocer.com,8:00-22:00
217,QuickMart Premium,997,Matthew Nelson,555-0217,matthew.nelson@quickmart.com,6:00-24:00
218,QuickMart Corner,41,Steven White,555-0218,steven.white@quickmart.com,7:00-23:00
219,PrimeGrocer Heights,339,Amanda Scott,555-0219,amanda.scott@primegrocer.com,24/7
220,QuickMart Downtown,929,John Hill,555-0220,john.hill@quickmart.com,8:00-22:00
221,GreenGrocer Heights,524,Patricia Chen,555-0221,patricia.chen@greengrocer.com,8:00-20:00
222,GreenGrocer East,468,Matthew Lopez,555-0222,matthew.lopez@greengrocer.com,7:00-23:00
223,ValueMart Suburban,833,Angela Johnson,555-0223,angela.johnson@valuemart.com,8:00-22:00
224,Organic Plaza North,694,Joshua Garcia,555-0224,joshua.garcia@organicplaza.com,8:00-20:00
225,SuperSave Station,777,Jennifer Davis,555-0225,jennifer.davis@supersave.com,8:00-20:00
226,FreshMart Downtown,175,James Hill,555-0226,james.hill@freshmart.com,7:00-midnight
227,SuperSave Corner,900,Andrew Wright,555-0227,andrew.wright@supersave.com,9:00-21:00
228,CityFresh South,188,Nicole Nelson,555-0228,nicole.nelson@cityfresh.com,9:00-21:00
229,GreenGrocer Market,856,Melissa Walker,555-0229,melissa.walker@greengrocer.com,9:00-21:00
230,MegaMart Heights,171,Steven Lopez,555-0230,steven.lopez@megamart.com,8:00-20:00
231,GreenGrocer West,107,Emily Carter,555-0231,emily.carter@greengrocer.com,7:00-23:00
232,MegaMart Heights,389,Andrew Anderson,555-0232,andrew.anderson@megamart.com,6:00-24:00
233,SuperSave Downtown,116,James Hall,555-0233,james.hall@supersave.com,24/7
234,MegaMart Square,671,Michael Chen,555-0234,michael.chen@megamart.com,9:00-21:00
235,SuperSave Downtown,591,Rachel Adams,555-0235,rachel.adams@supersave.com,7:00-midnight
236,CityFresh Express,705,Laura Allen,555-0236,laura.allen@cityfresh.com,6:00-24:00
237,CityFresh East,255,Rebecca Hill,555-0237,rebecca.hill@cityfresh.com,7:00-midnight
238,EcoMarket Corner,847,Eric Wilson,555-0238,eric.wilson@ecomarket.com,8:00-20:00
239,PrimeGrocer North,518,John Lopez,555-0239,john.lopez@primegrocer.com,7:00-23:00
240,EcoMarket Heights,504,Christopher Chen,555-0240,christopher.chen@ecomarket.com,8:00-20:00
241,SuperSave Express,520,Laura Brown,555-0241,laura.brown@supersave.com,8:00-22:00
242,QuickMart Center,241,Eric Rodriguez,555-0242,eric.rodriguez@quickmart.com,8:00-20:00
243,GreenGrocer Square,459,Andrew Baker,555-0243,andrew.baker@greengrocer.com,6:00-24:00
244,GreenGrocer Heights,510,Andrew Lee,555-0244,andrew.lee@greengrocer.com,8:00-22:00
245,CityFresh Downtown,37,David Rodriguez,555-0245,david.rodriguez@cityfresh.com,24/7
246,PrimeGrocer Center,811,John Nelson,555-0246,john.nelson@primegrocer.com,8:00-22:00
247,UrbanMart Plaza,671,Kenneth Young,555-0247,kenneth.young@urbanmart.com,7:00-23:00
248,FamilyMart Square,56,Laura Garcia,555-0248,laura.garcia@familymart.com,8:00-20:00
249,QuickMart Square,635,Laura Young,555-0249,laura.young@quickmart.com,8:00-20:00
250,UrbanMart Heights,117,Nicole Scott,555-0250,nicole.scott@urbanmart.com,24/7
251,GreenGrocer Express,850,John Lee,555-0251,john.lee@greengrocer.com,9:00-21:00
252,FamilyMart Plaza,109,Rachel Garcia,555-0252,rachel.garcia@familymart.com,7:00-midnight
253,FreshMart Central,735,Stephanie Wilson,555-0253,stephanie.wilson@freshmart.com,8:00-20:00
254,CityFresh Station,201,David Brown,555-0254,david.brown@cityfresh.com,6:00-24:00
255,QuickMart East,845,Melissa Martinez,555-0255,melissa.martinez@quickmart.com,24/7
256,QuickMart Village,48,David Adams,555-0256,david.adams@quickmart.com,24/7
257,FamilyMart East,604,Andrew Walker,555-0257,andrew.walker@familymart.com,7:00-midnight
258,PrimeGrocer West,754,Stephanie Smith,555-0258,stephanie.smith@primegrocer.com,6:00-24:00
259,FreshMart Center,495,Rebecca Nelson,555-0259,rebecca.nelson@freshmart.com,6:00-24:00
260,PrimeGrocer Central,132,Maria Green,555-0260,maria.green@primegrocer.com,8:00-20:00
261,GreenGrocer Market,429,Ryan Allen,555-0261,ryan.allen@greengrocer.com,24/7
262,UrbanMart Express,994,Ashley Rodriguez,555-0262,ashley.rodriguez@urbanmart.com,9:00-21:00
263,ValueMart Square,617,James Wilson,555-0263,james.wilson@valuemart.com,24/7
264,CityFresh Park,561,Michelle Nelson,555-0264,michelle.nelson@cityfresh.com,7:00-midnight
265,SuperSave Center,640,Amanda Martinez,555-0265,amanda.martinez@supersave.com,7:00-23:00
266,CityFresh Plaza,728,Brandon Hill,555-0266,brandon.hill@cityfresh.com,7:00-23:00
267,FamilyMart Central,653,Kenneth Young,555-0267,kenneth.young@familymart.com,7:00-midnight
268,SuperSave East,597,Brandon Young,555-0268,brandon.young@supersave.com,24/7
269,UrbanMart Station,828,Joshua Carter,555-0269,joshua.carter@urbanmart.com,24/7
270,FreshMart Park,149,David Smith,555-0270,david.smith@freshmart.com,24/7
271,FreshMart North,805,Kevin Brown,555-0271,kevin.brown@freshmart.com,8:00-20:00
272,Organic Plaza Plaza,64,Matthew Wilson,555-0272,matthew.wilson@organicplaza.com,8:00-20:00
273,CityFresh Plaza,34,Amanda Adams,555-0273,amanda.adams@cityfresh.com,6:00-24:00
274,SuperSave Square,692,David Wright,555-0274,david.wright@supersave.com,8:00-20:00
275,CityFresh Center,575,Daniel Green,555-0275,daniel.green@cityfresh.com,7:00-midnight
276,MegaMart Express,818,Kenneth Baker,555-0276,kenneth.baker@megamart.com,8:00-20:00
277,CityFresh Plaza,427,Emily Rodriguez,555-0277,emily.rodriguez@cityfresh.com,24/7
278,FamilyMart Village,258,Emily Smith,555-0278,emily.smith@familymart.com,7:00-midnight
279,QuickMart Square,727,Daniel Lopez,555-0279,daniel.lopez@quickmart.com,7:00-midnight
280,FamilyMart Corner,988,Kevin Adams,555-0280,kevin.adams@familymart.com,7:00-midnight
281,QuickMart Plaza,77,Andrew Anderson,555-0281,andrew.anderson@quickmart.com,7:00-midnight
282,Organic Plaza Central,42,Kenneth Davis,555-0282,kenneth.davis@organicplaza.com,24/7
283,MegaMart Suburban,599,Matthew Wilson,555-0283,matthew.wilson@megamart.com,7:00-23:00
284,ValueMart Downtown,960,Laura Walker,555-0284,laura.walker@valuemart.com,7:00-midnight
285,Organic Plaza North,53,Patricia Lee,555-0285,patricia.lee@organicplaza.com,6:00-24:00
286,FamilyMart Plaza,564,Stephanie Baker,555-0286,stephanie.baker@familymart.com,6:00-24:00
287,SuperSave South,980,Ryan Allen,555-0287,ryan.allen@supersave.com,7:00-23:00
288,Organic Plaza Park,164,Robert Baker,555-0288,robert.baker@organicplaza.com,6:00-24:00
289,MegaMart Center,227,Melissa Chen,555-0289,melissa.chen@megamart.com,9:00-21:00
290,QuickMart Village,224,Laura Garcia,555-0290,laura.garcia@quickmart.com,9:00-21:00
291,UrbanMart Park,771,Brian Young,555-0291,brian.young@urbanmart.com,8:00-20:00
292,FamilyMart Downtown,457,Jennifer Hill,555-0292,jennifer.hill@familymart.com,9:00-21:00
293,QuickMart Express,391,Michael Hill,555-0293,michael.hill@quickmart.com,9:00-21:00
294,GreenGrocer Market,290,Matthew Young,555-0294,matthew.young@greengrocer.com,7:00-midnight
295,FreshMart Park,521,Nicole Allen,555-0295,nicole.allen@freshmart.com,8:00-20:00
296,EcoMarket Heights,198,Michael White,555-0296,michael.white@ecomarket.com,7:00-midnight
297,SuperSave Park,995,Lisa Davis,555-0297,lisa.davis@supersave.com,7:00-23:00
298,PrimeGrocer Center,216,John Lopez,555-0298,john.lopez@primegrocer.com,8:00-22:00
299,FamilyMart Premium,211,Rebecca Nelson,555-0299,rebecca.nelson@familymart.com,8:00-22:00
300,PrimeGrocer Station,158,Robert Green,555-0300,robert.green@primegrocer.com,7:00-midnight
301,FreshMart Square,76,Laura Johnson,555-0301,laura.johnson@freshmart.com,8:00-22:00
302,FreshMart Central,589,Matthew Young,555-0302,matthew.young@freshmart.com,8:00-22:00
303,QuickMart Suburban,646,Steven Rodriguez,555-0303,steven.rodriguez@quickmart.com,24/7
304,MegaMart Station,690,Ryan Smith,555-0304,ryan.smith@megamart.com,24/7
305,GreenGrocer Center,634,John Lopez,555-0305,john.lopez@greengrocer.com,7:00-midnight
306,GreenGrocer North,109,Robert Garcia,555-0306,robert.garcia@greengrocer.com,6:00-24:00
307,ValueMart Plaza,949,Lisa White,555-0307,lisa.white@valuemart.com,8:00-20:00
308,EcoMarket Market,32,Melissa Nelson,555-0308,melissa.nelson@ecomarket.com,7:00-midnight
309,EcoMarket Central,401,Daniel Wilson,555-0309,daniel.wilson@ecomarket.com,7:00-midnight
310,PrimeGrocer Plaza,909,Patricia White,555-0310,patricia.white@primegrocer.com,7:00-midnight
311,CityFresh Corner,569,John Young,555-0311,john.young@cityfresh.com,8:00-20:00
312,Organic Plaza East,611,Michael Smith,555-0312,michael.smith@organicplaza.com,6:00-24:00
313,MegaMart Center,767,Lisa White,555-0313,lisa.white@megamart.com,7:00-23:00
314,CityFresh Corner,872,Amanda Lewis,555-0314,amanda.lewis@cityfresh.com,7:00-midnight
315,PrimeGrocer West,632,Christopher Anderson,555-0315,christopher.anderson@primegrocer.com,7:00-23:00
316,ValueMart Premium,819,Jennifer Anderson,555-0316,jennifer.anderson@valuemart.com,7:00-midnight
317,UrbanMart North,75,Angela Lopez,555-0317,angela.lopez@urbanmart.com,6:00-24:00
318,ValueMart South,744,Matthew Davis,555-0318,matthew.davis@valuemart.com,7:00-23:00
319,UrbanMart Heights,688,Laura Garcia,555-0319,laura.garcia@urbanmart.com,7:00-23:00
320,FamilyMart Express,72,David White,555-0320,david.white@familymart.com,6:00-24:00
321,QuickMart Village,632,Stephanie Walker,555-0321,stephanie.walker@quickmart.com,9:00-21:00
322,FamilyMart Plaza,374,Patricia King,555-0322,patricia.king@familymart.com,6:00-24:00
323,SuperSave Station,253,Christopher Smith,555-0323,christopher.smith@supersave.com,9:00-21:00
324,QuickMart Station,138,Ashley Nelson,555-0324,ashley.nelson@quickmart.com,9:00-21:00
325,FamilyMart Village,368,Brian Walker,555-0325,brian.walker@familymart.com,24/7
326,ValueMart Heights,622,David Anderson,555-0326,david.anderson@valuemart.com,7:00-midnight
327,GreenGrocer Suburban,270,James Young,555-0327,james.young@greengrocer.com,7:00-23:00
328,CityFresh South,520,Robert Smith,555-0328,robert.smith@cityfresh.com,8:00-20:00
329,FamilyMart Downtown,218,Melissa Adams,555-0329,melissa.adams@familymart.com,6:00-24:00
330,FreshMart Center,484,Matthew Young,555-0330,matthew.young@freshmart.com,6:00-24:00
331,FamilyMart West,913,Nicole Rodriguez,555-0331,nicole.rodriguez@familymart.com,7:00-23:00
332,UrbanMart Plaza,523,James Walker,555-0332,james.walker@urbanmart.com,6:00-24:00
333,GreenGrocer Market,679,Nicole Allen,555-0333,nicole.allen@greengrocer.com,8:00-22:00
334,QuickMart Central,164,Kenneth Wilson,555-0334,kenneth.wilson@quickmart.com,24/7
335,Organic Plaza West,225,Brian Garcia,555-0335,brian.garcia@organicplaza.com,8:00-22:00
336,EcoMarket Express,240,Robert Brown,555-0336,robert.brown@ecomarket.com,9:00-21:00
337,FreshMart Premium,398,Rachel Baker,555-0337,rachel.baker@freshmart.com,9:00-21:00
338,EcoMarket Square,332,Michael Johnson,555-0338,michael.johnson@ecomarket.com,7:00-midnight
339,GreenGrocer Park,270,Ashley Nelson,555-0339,ashley.nelson@greengrocer.com,7:00-midnight
340,UrbanMart Center,388,Maria Rodriguez,555-0340,maria.rodriguez@urbanmart.com,7:00-midnight
341,SuperSave South,997,Rachel Brown,555-0341,rachel.brown@supersave.com,24/7
342,QuickMart Park,889,Melissa Garcia,555-0342,melissa.garcia@quickmart.com,8:00-20:00
343,SuperSave Heights,514,Brian Wright,555-0343,brian.wright@supersave.com,8:00-22:00
344,Organic Plaza Square,527,Christopher Taylor,555-0344,christopher.taylor@organicplaza.com,8:00-22:00
345,FamilyMart Suburban,162,Amanda Wilson,555-0345,amanda.wilson@familymart.com,7:00-23:00
346,SuperSave East,339,Daniel Lewis,555-0346,daniel.lewis@supersave.com,8:00-20:00
347,CityFresh East,491,Brian Hill,555-0347,brian.hill@cityfresh.com,24/7
348,QuickMart Central,45,Steven Smith,555-0348,steven.smith@quickmart.com,7:00-23:00
349,Organic Plaza Central,41,James Lopez,555-0349,james.lopez@organicplaza.com,6:00-24:00
350,UrbanMart West,945,Emily Anderson,555-0350,emily.anderson@urbanmart.com,9:00-21:00
351,Organic Plaza Park,653,Melissa Wright,555-0351,melissa.wright@organicplaza.com,6:00-24:00
352,FreshMart Plaza,622,Lisa Martinez,555-0352,lisa.martinez@freshmart.com,24/7
353,EcoMarket Heights,421,Christopher Taylor,555-0353,christopher.taylor@ecomarket.com,8:00-20:00
354,UrbanMart West,524,Maria Wright,555-0354,maria.wright@urbanmart.com,7:00-midnight
355,ValueMart Central,605,Laura Walker,555-0355,laura.walker@valuemart.com,6:00-24:00
356,GreenGrocer Express,112,Eric Rodriguez,555-0356,eric.rodriguez@greengrocer.com,7:00-23:00
357,FreshMart Premium,701,Rachel Carter,555-0357,rachel.carter@freshmart.com,6:00-24:00
358,MegaMart West,924,David Anderson,555-0358,david.anderson@megamart.com,24/7
359,UrbanMart North,96,Kenneth Adams,555-0359,kenneth.adams@urbanmart.com,8:00-22:00
360,EcoMarket West,665,John Adams,555-0360,john.adams@ecomarket.com,7:00-midnight
361,MegaMart Park,45,Steven Garcia,555-0361,steven.garcia@megamart.com,8:00-20:00
362,CityFresh Park,494,Rebecca Taylor,555-0362,rebecca.taylor@cityfresh.com,8:00-20:00
363,MegaMart Corner,261,David Lewis,555-0363,david.lewis@megamart.com,7:00-23:00
364,EcoMarket Express,898,Lisa White,555-0364,lisa.white@ecomarket.com,6:00-24:00
365,PrimeGrocer Station,727,Matthew Martinez,555-0365,matthew.martinez@primegrocer.com,8:00-22:00
366,CityFresh Downtown,8,Rachel Davis,555-0366,rachel.davis@cityfresh.com,6:00-24:00
367,MegaMart Premium,110,Ryan Lewis,555-0367,ryan.lewis@megamart.com,9:00-21:00
368,Organic Plaza Station,549,Matthew Brown,555-0368,matthew.brown@organicplaza.com,8:00-20:00
369,MegaMart Corner,774,Ashley Hill,555-0369,ashley.hill@megamart.com,24/7
370,QuickMart Station,573,Brian Anderson,555-0370,brian.anderson@quickmart.com,9:00-21:00
371,PrimeGrocer Heights,353,Matthew White,555-0371,matthew.white@primegrocer.com,6:00-24:00
372,CityFresh Market,676,James Carter,555-0372,james.carter@cityfresh.com,8:00-20:00
373,GreenGrocer Express,973,Andrew Baker,555-0373,andrew.baker@greengrocer.com,7:00-midnight
374,Organic Plaza East,805,Amanda Allen,555-0374,amanda.allen@organicplaza.com,24/7
375,SuperSave Center,988,Emily Anderson,555-0375,emily.anderson@supersave.com,24/7
376,FamilyMart Downtown,483,Lisa Nelson,555-0376,lisa.nelson@familymart.com,7:00-23:00
377,UrbanMart Station,228,Lisa Chen,555-0377,lisa.chen@urbanmart.com,9:00-21:00
378,SuperSave South,954,Michael Green,555-0378,michael.green@supersave.com,24/7
379,MegaMart Park,59,Joshua Scott,555-0379,joshua.scott@megamart.com,6:00-24:00
380,Organic Plaza Heights,871,Andrew Smith,555-0380,andrew.smith@organicplaza.com,7:00-23:00
381,FamilyMart Park,803,Joshua Martinez,555-0381,joshua.martinez@familymart.com,8:00-22:00
382,UrbanMart Park,630,Rachel Scott,555-0382,rachel.scott@urbanmart.com,7:00-23:00
383,Organic Plaza North,1,Nicole Taylor,555-0383,nicole.taylor@organicplaza.com,7:00-midnight
384,Organic Plaza South,362,Ashley Adams,555-0384,ashley.adams@organicplaza.com,24/7
385,FamilyMart Market,531,Melissa King,555-0385,melissa.king@familymart.com,7:00-23:00
386,FreshMart South,744,Lisa Young,555-0386,lisa.young@freshmart.com,9:00-21:00
387,PrimeGrocer Corner,232,Brandon Nelson,555-0387,brandon.nelson@primegrocer.com,9:00-21:00
388,UrbanMart Premium,5,Angela Rodriguez,555-0388,angela.rodriguez@urbanmart.com,6:00-24:00
389,ValueMart Central,573,Steven Allen,555-0389,steven.allen@valuemart.com,8:00-22:00
390,GreenGrocer Park,823,Joshua Lee,555-0390,joshua.lee@greengrocer.com,8:00-22:00
391,PrimeGrocer Suburban,990,Matthew Scott,555-0391,matthew.scott@primegrocer.com,24/7
392,MegaMart Heights,985,Jessica Adams,555-0392,jessica.adams@megamart.com,9:00-21:00
393,EcoMarket Square,265,Sarah Hall,555-0393,sarah.hall@ecomarket.com,8:00-22:00
394,GreenGrocer Market,236,Daniel Hill,555-0394,daniel.hill@greengrocer.com,7:00-midnight
395,SuperSave Station,10,Brandon Allen,555-0395,brandon.allen@supersave.com,6:00-24:00
396,CityFresh Suburban,409,Jessica White,555-0396,jessica.white@cityfresh.com,8:00-22:00
397,FamilyMart Village,488,Robert Young,555-0397,robert.young@familymart.com,7:00-23:00
398,SuperSave Corner,188,Amanda King,555-0398,amanda.king@supersave.com,9:00-21:00
399,CityFresh Premium,241,Stephanie Green,555-0399,stephanie.green@cityfresh.com,7:00-23:00
400,CityFresh Express,208,Matthew Martinez,555-0400,matthew.martinez@cityfresh.com,7:00-23:00
401,QuickMart Corner,123,Patricia Adams,555-0401,patricia.adams@quickmart.com,8:00-22:00
402,GreenGrocer Heights,555,John Adams,555-0402,john.adams@greengrocer.com,8:00-20:00
403,FreshMart Heights,505,Nicole Wright,555-0403,nicole.wright@freshmart.com,9:00-21:00
404,UrbanMart Suburban,938,Stephanie Anderson,555-0404,stephanie.anderson@urbanmart.com,8:00-20:00
405,PrimeGrocer Suburban,591,Melissa Taylor,555-0405,melissa.taylor@primegrocer.com,8:00-20:00
406,Organic Plaza North,490,Rachel Baker,555-0406,rachel.baker@organicplaza.com,24/7
407,PrimeGrocer North,882,Kenneth Garcia,555-0407,kenneth.garcia@primegrocer.com,24/7
408,FamilyMart Central,531,Angela Davis,555-0408,angela.davis@familymart.com,7:00-midnight
409,EcoMarket Village,216,John Smith,555-0409,john.smith@ecomarket.com,7:00-midnight
410,MegaMart East,883,Ryan Garcia,555-0410,ryan.garcia@megamart.com,6:00-24:00
411,ValueMart Central,483,Matthew Taylor,555-0411,matthew.taylor@valuemart.com,9:00-21:00
412,UrbanMart Village,435,Nicole Anderson,555-0412,nicole.anderson@urbanmart.com,24/7
413,QuickMart Station,411,Nicole Garcia,555-0413,nicole.garcia@quickmart.com,8:00-20:00
414,ValueMart Square,590,Maria King,555-0414,maria.king@valuemart.com,7:00-23:00
415,FamilyMart Express,824,David Green,555-0415,david.green@familymart.com,9:00-21:00
416,QuickMart Center,201,Rebecca Carter,555-0416,rebecca.carter@quickmart.com,24/7
417,Organic Plaza West,181,Brian Baker,555-0417,brian.baker@organicplaza.com,8:00-22:00
418,MegaMart Heights,530,James Carter,555-0418,james.carter@megamart.com,7:00-midnight
419,PrimeGrocer Village,576,Stephanie White,555-0419,stephanie.white@primegrocer.com,9:00-21:00
420,UrbanMart North,168,Melissa Davis,555-0420,melissa.davis@urbanmart.com,7:00-midnight
421,FreshMart Premium,645,Matthew Hall,555-0421,matthew.hall@freshmart.com,8:00-20:00
422,GreenGrocer Square,369,Laura Brown,555-0422,laura.brown@greengrocer.com,9:00-21:00
423,PrimeGrocer Center,422,Matthew Garcia,555-0423,matthew.garcia@primegrocer.com,8:00-22:00
424,GreenGrocer Corner,666,Kevin King,555-0424,kevin.king@greengrocer.com,6:00-24:00
425,FamilyMart Center,364,Maria Adams,555-0425,maria.adams@familymart.com,9:00-21:00
426,SuperSave Park,458,Stephanie Adams,555-0426,stephanie.adams@supersave.com,7:00-midnight
427,GreenGrocer Market,980,Joshua Walker,555-0427,joshua.walker@greengrocer.com,7:00-midnight
428,Organic Plaza Central,628,Laura Lewis,555-0428,laura.lewis@organicplaza.com,7:00-midnight
429,UrbanMart Market,352,Robert Chen,555-0429,robert.chen@urbanmart.com,7:00-23:00
430,QuickMart Village,728,Ryan Lopez,555-0430,ryan.lopez@quickmart.com,9:00-21:00
431,ValueMart Market,884,Ashley Walker,555-0431,ashley.walker@valuemart.com,8:00-20:00
432,SuperSave Park,189,Andrew Lewis,555-0432,andrew.lewis@supersave.com,7:00-23:00
433,FreshMart West,964,Jessica Hill,555-0433,jessica.hill@freshmart.com,9:00-21:00
434,CityFresh South,106,Amanda Anderson,555-0434,amanda.anderson@cityfresh.com,24/7
435,GreenGrocer South,27,Brian Young,555-0435,brian.young@greengrocer.com,8:00-22:00
436,MegaMart Park,633,Lisa Davis,555-0436,lisa.davis@megamart.com,9:00-21:00
437,Organic Plaza South,254,Eric White,555-0437,eric.white@organicplaza.com,7:00-23:00
438,CityFresh Plaza,135,Andrew Lopez,555-0438,andrew.lopez@cityfresh.com,7:00-23:00
439,PrimeGrocer Central,366,Sarah Johnson,555-0439,sarah.johnson@primegrocer.com,7:00-midnight
440,SuperSave Heights,958,Angela Carter,555-0440,angela.carter@supersave.com,6:00-24:00
441,ValueMart Center,553,Andrew Wilson,555-0441,andrew.wilson@valuemart.com,7:00-midnight
442,Organic Plaza Square,655,Rebecca Allen,555-0442,rebecca.allen@organicplaza.com,7:00-midnight
443,PrimeGrocer Plaza,233,Brandon Hall,555-0443,brandon.hall@primegrocer.com,6:00-24:00
444,GreenGrocer Square,267,Michelle Garcia,555-0444,michelle.garcia@greengrocer.com,24/7
445,Organic Plaza Plaza,835,John Smith,555-0445,john.smith@organicplaza.com,6:00-24:00
446,Organic Plaza Corner,9,Joshua Hall,555-0446,joshua.hall@organicplaza.com,6:00-24:00
447,CityFresh Heights,785,Brian White,555-0447,brian.white@cityfresh.com,8:00-22:00
448,MegaMart Plaza,562,Daniel Baker,555-0448,daniel.baker@megamart.com,8:00-22:00
449,SuperSave Premium,405,Steven Young,555-0449,steven.young@supersave.com,24/7
450,QuickMart Central,226,Eric Nelson,555-0450,eric.nelson@quickmart.com,24/7
451,ValueMart South,530,Rebecca Lopez,555-0451,rebecca.lopez@valuemart.com,7:00-23:00
452,UrbanMart Suburban,545,Joshua Lopez,555-0452,joshua.lopez@urbanmart.com,7:00-midnight
453,ValueMart Station,187,Kevin Carter,555-0453,kevin.carter@valuemart.com,8:00-22:00
454,Organic Plaza Plaza,633,Jennifer Lopez,555-0454,jennifer.lopez@organicplaza.com,24/7
455,EcoMarket Suburban,20,Stephanie Martinez,555-0455,stephanie.martinez@ecomarket.com,9:00-21:00
456,Organic Plaza North,289,Sarah Anderson,555-0456,sarah.anderson@organicplaza.com,8:00-22:00
457,ValueMart West,239,Andrew Green,555-0457,andrew.green@valuemart.com,8:00-22:00
458,GreenGrocer West,351,John Hall,555-0458,john.hall@greengrocer.com,7:00-23:00
459,MegaMart Plaza,714,Stephanie Garcia,555-0459,stephanie.garcia@megamart.com,24/7
460,FreshMart Village,975,Lisa Nelson,555-0460,lisa.nelson@freshmart.com,8:00-20:00
461,Organic Plaza North,74,Ashley Adams,555-0461,ashley.adams@organicplaza.com,24/7
462,PrimeGrocer Heights,257,Maria Martinez,555-0462,maria.martinez@primegrocer.com,8:00-20:00
463,MegaMart Downtown,255,Jennifer Adams,555-0463,jennifer.adams@megamart.com,7:00-midnight
464,MegaMart Square,204,Jessica Green,555-0464,jessica.green@megamart.com,8:00-22:00
465,EcoMarket East,485,Rachel Hill,555-0465,rachel.hill@ecomarket.com,7:00-23:00
466,MegaMart Plaza,746,Ryan Anderson,555-0466,ryan.anderson@megamart.com,7:00-midnight
467,FreshMart Center,493,Rachel Davis,555-0467,rachel.davis@freshmart.com,9:00-21:00
468,FamilyMart Plaza,885,Kevin Garcia,555-0468,kevin.garcia@familymart.com,8:00-22:00
469,FamilyMart Premium,445,Jennifer Taylor,555-0469,jennifer.taylor@familymart.com,7:00-midnight
470,SuperSave Downtown,599,Christopher Baker,555-0470,christopher.baker@supersave.com,9:00-21:00
471,GreenGrocer Market,596,Jessica Smith,555-0471,jessica.smith@greengrocer.com,8:00-22:00
472,CityFresh Heights,92,Patricia Garcia,555-0472,patricia.garcia@cityfresh.com,8:00-20:00
473,QuickMart Central,634,Stephanie Chen,555-0473,stephanie.chen@quickmart.com,7:00-midnight
474,SuperSave North,158,Emily Garcia,555-0474,emily.garcia@supersave.com,7:00-midnight
475,CityFresh Center,239,David Wilson,555-0475,david.wilson@cityfresh.com,24/7
476,SuperSave Center,751,Brandon Baker,555-0476,brandon.baker@supersave.com,24/7
477,QuickMart Downtown,138,Eric Garcia,555-0477,eric.garcia@quickmart.com,7:00-midnight
478,ValueMart North,573,Stephanie Scott,555-0478,stephanie.scott@valuemart.com,24/7
479,ValueMart Center,192,Stephanie Martinez,555-0479,stephanie.martinez@valuemart.com,6:00-24:00
480,PrimeGrocer Corner,282,Ryan Green,555-0480,ryan.green@primegrocer.com,24/7
481,UrbanMart Center,159,Christopher Chen,555-0481,christopher.chen@urbanmart.com,6:00-24:00
482,EcoMarket Plaza,465,Matthew Young,555-0482,matthew.young@ecomarket.com,9:00-21:00
483,FreshMart Park,905,Eric Green,555-0483,eric.green@freshmart.com,7:00-23:00
484,FreshMart Corner,65,Jessica Lee,555-0484,jessica.lee@freshmart.com,7:00-midnight
485,FamilyMart Center,700,Eric Martinez,555-0485,eric.martinez@familymart.com,6:00-24:00
486,EcoMarket Center,331,Patricia Wright,555-0486,patricia.wright@ecomarket.com,9:00-21:00
487,MegaMart Village,675,Jennifer Davis,555-0487,jennifer.davis@megamart.com,6:00-24:00
488,GreenGrocer North,33,James Anderson,555-0488,james.anderson@greengrocer.com,8:00-20:00
489,QuickMart East,33,Stephanie Martinez,555-0489,stephanie.martinez@quickmart.com,8:00-22:00
490,UrbanMart Market,719,Stephanie Allen,555-0490,stephanie.allen@urbanmart.com,6:00-24:00
491,UrbanMart Suburban,621,Emily Garcia,555-0491,emily.garcia@urbanmart.com,7:00-23:00
492,CityFresh South,504,John Martinez,555-0492,john.martinez@cityfresh.com,7:00-midnight
493,GreenGrocer Square,762,Emily Garcia,555-0493,emily.garcia@greengrocer.com,6:00-24:00
494,MegaMart Corner,273,Emily Nelson,555-0494,emily.nelson@megamart.com,6:00-24:00
495,PrimeGrocer North,80,Robert Nelson,555-0495,robert.nelson@primegrocer.com,9:00-21:00
496,QuickMart Park,237,David Davis,555-0496,david.davis@quickmart.com,7:00-midnight
497,PrimeGrocer Market,673,Kevin Martinez,555-0497,kevin.martinez@primegrocer.com,6:00-24:00
498,QuickMart Central,785,Steven Green,555-0498,steven.green@quickmart.com,8:00-22:00
499,FamilyMart Corner,438,Angela Scott,555-0499,angela.scott@familymart.com,7:00-midnight
500,GreenGrocer Central,517,Maria Young,555-0500,maria.young@greengrocer.com,24/7
501,SuperSave Central,564,Andrew Garcia,555-0501,andrew.garcia@supersave.com,9:00-21:00
502,SuperSave Corner,441,Steven Adams,555-0502,steven.adams@supersave.com,7:00-midnight
503,CityFresh Village,220,Jessica King,555-0503,jessica.king@cityfresh.com,6:00-24:00
504,MegaMart Center,459,Matthew Garcia,555-0504,matthew.garcia@megamart.com,24/7
505,MegaMart Downtown,17,Michael White,555-0505,michael.white@megamart.com,6:00-24:00
506,PrimeGrocer West,228,Michelle Smith,555-0506,michelle.smith@primegrocer.com,9:00-21:00
507,QuickMart Village,966,Sarah Adams,555-0507,sarah.adams@quickmart.com,8:00-20:00
508,CityFresh Suburban,949,Kenneth Young,555-0508,kenneth.young@cityfresh.com,6:00-24:00
509,UrbanMart West,365,David Johnson,555-0509,david.johnson@urbanmart.com,24/7
510,Organic Plaza West,256,Matthew Garcia,555-0510,matthew.garcia@organicplaza.com,6:00-24:00
511,QuickMart Suburban,410,Michelle Chen,555-0511,michelle.chen@quickmart.com,6:00-24:00
512,UrbanMart Premium,812,Robert Green,555-0512,robert.green@urbanmart.com,9:00-21:00
513,EcoMarket Central,720,Stephanie Nelson,555-0513,stephanie.nelson@ecomarket.com,7:00-midnight
514,UrbanMart East,828,Michelle Johnson,555-0514,michelle.johnson@urbanmart.com,7:00-midnight
515,UrbanMart Market,944,Lisa Adams,555-0515,lisa.adams@urbanmart.com,8:00-22:00
516,SuperSave Corner,124,Rebecca Lewis,555-0516,rebecca.lewis@supersave.com,8:00-20:00
517,QuickMart Downtown,537,Eric Johnson,555-0517,eric.johnson@quickmart.com,9:00-21:00
518,FreshMart Village,715,Patricia Lee,555-0518,patricia.lee@freshmart.com,6:00-24:00
519,QuickMart West,403,Emily Hill,555-0519,emily.hill@quickmart.com,7:00-midnight
520,EcoMarket Park,297,Lisa Taylor,555-0520,lisa.taylor@ecomarket.com,24/7
521,MegaMart West,488,James Lee,555-0521,james.lee@megamart.com,8:00-22:00
522,UrbanMart North,409,Melissa Brown,555-0522,melissa.brown@urbanmart.com,8:00-22:00
523,PrimeGrocer Station,493,James Adams,555-0523,james.adams@primegrocer.com,7:00-23:00
524,PrimeGrocer Premium,586,Stephanie Rodriguez,555-0524,stephanie.rodriguez@primegrocer.com,7:00-midnight
525,QuickMart Center,74,Rachel Taylor,555-0525,rachel.taylor@quickmart.com,7:00-23:00
526,ValueMart Station,92,Ryan Hill,555-0526,ryan.hill@valuemart.com,6:00-24:00
527,GreenGrocer Station,196,Rebecca Garcia,555-0527,rebecca.garcia@greengrocer.com,9:00-21:00
528,SuperSave Corner,174,Sarah Adams,555-0528,sarah.adams@supersave.com,9:00-21:00
529,SuperSave Square,947,Patricia Walker,555-0529,patricia.walker@supersave.com,8:00-22:00
530,QuickMart Premium,746,Nicole Wilson,555-0530,nicole.wilson@quickmart.com,8:00-20:00
531,GreenGrocer East,949,Emily Taylor,555-0531,emily.taylor@greengrocer.com,6:00-24:00
532,Organic Plaza Plaza,824,John Lee,555-0532,john.lee@organicplaza.com,7:00-midnight
533,GreenGrocer Plaza,340,Andrew Hall,555-0533,andrew.hall@greengrocer.com,8:00-22:00
534,QuickMart Center,536,Amanda Martinez,555-0534,amanda.martinez@quickmart.com,6:00-24:00
535,ValueMart Center,145,Brian Wright,555-0535,brian.wright@valuemart.com,7:00-midnight
536,CityFresh Downtown,540,Eric King,555-0536,eric.king@cityfresh.com,7:00-midnight
537,FreshMart Suburban,206,Christopher Johnson,555-0537,christopher.johnson@freshmart.com,9:00-21:00
538,CityFresh Suburban,968,Emily Walker,555-0538,emily.walker@cityfresh.com,7:00-midnight
539,FreshMart South,679,Eric Hill,555-0539,eric.hill@freshmart.com,9:00-21:00
540,FamilyMart Corner,889,David Smith,555-0540,david.smith@familymart.com,9:00-21:00
541,FamilyMart Market,727,Daniel Rodriguez,555-0541,daniel.rodriguez@familymart.com,6:00-24:00
542,GreenGrocer Village,545,Stephanie Carter,555-0542,stephanie.carter@greengrocer.com,6:00-24:00
543,GreenGrocer Central,575,Kevin Allen,555-0543,kevin.allen@greengrocer.com,24/7
544,CityFresh Downtown,313,Michael Taylor,555-0544,michael.taylor@cityfresh.com,6:00-24:00
545,SuperSave Heights,19,Melissa Green,555-0545,melissa.green@supersave.com,7:00-23:00
546,SuperSave Corner,242,Brandon Lopez,555-0546,brandon.lopez@supersave.com,9:00-21:00
547,PrimeGrocer Suburban,900,Emily Lopez,555-0547,emily.lopez@primegrocer.com,9:00-21:00
548,MegaMart Downtown,350,Ashley Taylor,555-0548,ashley.taylor@megamart.com,7:00-23:00
549,MegaMart West,534,Lisa Green,555-0549,lisa.green@megamart.com,24/7
550,FamilyMart Express,157,Steven Taylor,555-0550,steven.taylor@familymart.com,6:00-24:00
551,MegaMart Plaza,135,Laura Walker,555-0551,laura.walker@megamart.com,6:00-24:00
552,QuickMart West,317,Kevin Carter,555-0552,kevin.carter@quickmart.com,7:00-23:00
553,CityFresh Park,149,James Lewis,555-0553,james.lewis@cityfresh.com,8:00-20:00
554,FamilyMart Central,546,Ryan Chen,555-0554,ryan.chen@familymart.com,6:00-24:00
555,CityFresh East,901,Maria Lee,555-0555,maria.lee@cityfresh.com,8:00-20:00
556,Organic Plaza Downtown,311,Ryan Lewis,555-0556,ryan.lewis@organicplaza.com,24/7
557,EcoMarket Suburban,110,Patricia Adams,555-0557,patricia.adams@ecomarket.com,7:00-23:00
558,Organic Plaza Central,632,Sarah Adams,555-0558,sarah.adams@organicplaza.com,6:00-24:00
559,ValueMart Express,27,Daniel Taylor,555-0559,daniel.taylor@valuemart.com,7:00-midnight
560,SuperSave South,867,Brian Wilson,555-0560,brian.wilson@supersave.com,6:00-24:00
561,UrbanMart Heights,397,Nicole Anderson,555-0561,nicole.anderson@urbanmart.com,8:00-20:00
562,EcoMarket Heights,232,James Anderson,555-0562,james.anderson@ecomarket.com,7:00-23:00
563,FreshMart Station,228,John Brown,555-0563,john.brown@freshmart.com,24/7
564,CityFresh Premium,950,Amanda Chen,555-0564,amanda.chen@cityfresh.com,7:00-23:00
565,EcoMarket Heights,909,Ryan Carter,555-0565,ryan.carter@ecomarket.com,24/7
566,QuickMart Station,623,Melissa Adams,555-0566,melissa.adams@quickmart.com,8:00-22:00
567,CityFresh Market,962,Ryan Rodriguez,555-0567,ryan.rodriguez@cityfresh.com,6:00-24:00
568,CityFresh Center,806,Rachel Lopez,555-0568,rachel.lopez@cityfresh.com,7:00-midnight
569,FreshMart Park,847,David Walker,555-0569,david.walker@freshmart.com,24/7
570,FreshMart Express,753,Rachel Young,555-0570,rachel.young@freshmart.com,24/7
571,FreshMart Center,646,Eric Allen,555-0571,eric.allen@freshmart.com,8:00-20:00
572,FreshMart Premium,906,Joshua Walker,555-0572,joshua.walker@freshmart.com,24/7
573,ValueMart Plaza,302,Angela Anderson,555-0573,angela.anderson@valuemart.com,24/7
574,UrbanMart North,850,Rachel Wilson,555-0574,rachel.wilson@urbanmart.com,24/7
575,FamilyMart Square,116,Lisa Green,555-0575,lisa.green@familymart.com,6:00-24:00
576,Organic Plaza Center,332,James Rodriguez,555-0576,james.rodriguez@organicplaza.com,24/7
577,EcoMarket Downtown,919,Maria Walker,555-0577,maria.walker@ecomarket.com,6:00-24:00
578,CityFresh Premium,332,Angela Chen,555-0578,angela.chen@cityfresh.com,9:00-21:00
579,CityFresh Central,724,Jennifer Chen,555-0579,jennifer.chen@cityfresh.com,8:00-22:00
580,EcoMarket Corner,394,Lisa Allen,555-0580,lisa.allen@ecomarket.com,7:00-midnight
581,CityFresh Park,390,Christopher Rodriguez,555-0581,christopher.rodriguez@cityfresh.com,6:00-24:00
582,FreshMart Central,676,Laura King,555-0582,laura.king@freshmart.com,8:00-20:00
583,Organic Plaza Central,730,Patricia Anderson,555-0583,patricia.anderson@organicplaza.com,8:00-20:00
584,FreshMart Station,788,Michelle White,555-0584,michelle.white@freshmart.com,7:00-midnight
585,EcoMarket Plaza,984,Maria Davis,555-0585,maria.davis@ecomarket.com,7:00-23:00
586,QuickMart Downtown,510,Matthew Smith,555-0586,matthew.smith@quickmart.com,24/7
587,EcoMarket Center,244,John Wright,555-0587,john.wright@ecomarket.com,24/7
588,QuickMart Heights,82,Angela Lewis,555-0588,angela.lewis@quickmart.com,24/7
589,UrbanMart Downtown,635,Jessica Young,555-0589,jessica.young@urbanmart.com,9:00-21:00
590,FamilyMart Center,152,Amanda Johnson,555-0590,amanda.johnson@familymart.com,7:00-23:00
591,FreshMart Corner,34,Michael Wilson,555-0591,michael.wilson@freshmart.com,8:00-20:00
592,FamilyMart Plaza,112,Laura Chen,555-0592,laura.chen@familymart.com,8:00-22:00
593,MegaMart Central,626,Christopher Hill,555-0593,christopher.hill@megamart.com,9:00-21:00
594,FamilyMart Center,593,Maria Walker,555-0594,maria.walker@familymart.com,7:00-midnight
595,SuperSave North,331,Lisa Adams,555-0595,lisa.adams@supersave.com,9:00-21:00
596,SuperSave Market,864,Robert Adams,555-0596,robert.adams@supersave.com,24/7
597,PrimeGrocer South,125,Joshua Hall,555-0597,joshua.hall@primegrocer.com,7:00-23:00
598,CityFresh Suburban,538,Laura Allen,555-0598,laura.allen@cityfresh.com,24/7
599,QuickMart Premium,748,Emily Davis,555-0599,emily.davis@quickmart.com,6:00-24:00
600,FamilyMart Park,706,Lisa Hall,555-0600,lisa.hall@familymart.com,7:00-midnight
601,UrbanMart Plaza,325,Rebecca Wright,555-0601,rebecca.wright@urbanmart.com,8:00-20:00
602,ValueMart Park,577,Brandon Wilson,555-0602,brandon.wilson@valuemart.com,6:00-24:00
603,EcoMarket Park,185,Stephanie Hall,555-0603,stephanie.hall@ecomarket.com,8:00-20:00
604,UrbanMart Express,122,Joshua Martinez,555-0604,joshua.martinez@urbanmart.com,8:00-22:00
605,FreshMart Square,213,Jennifer Green,555-0605,jennifer.green@freshmart.com,8:00-20:00
606,UrbanMart Station,359,Steven Johnson,555-0606,steven.johnson@urbanmart.com,9:00-21:00
607,PrimeGrocer Premium,707,John Lopez,555-0607,john.lopez@primegrocer.com,7:00-23:00
608,ValueMart Suburban,519,Robert White,555-0608,robert.white@valuemart.com,9:00-21:00
609,PrimeGrocer Village,342,John Davis,555-0609,john.davis@primegrocer.com,7:00-midnight
610,SuperSave Market,199,Sarah Nelson,555-0610,sarah.nelson@supersave.com,7:00-23:00
611,SuperSave Village,37,Brian Hall,555-0611,brian.hall@supersave.com,8:00-20:00
612,FamilyMart West,472,Brian Wilson,555-0612,brian.wilson@familymart.com,7:00-midnight
613,PrimeGrocer Village,424,Angela Baker,555-0613,angela.baker@primegrocer.com,8:00-20:00
614,CityFresh North,743,Rachel White,555-0614,rachel.white@cityfresh.com,6:00-24:00
615,FamilyMart Village,702,Sarah Martinez,555-0615,sarah.martinez@familymart.com,6:00-24:00
616,SuperSave Corner,861,Robert Wilson,555-0616,robert.wilson@supersave.com,9:00-21:00
617,FreshMart Village,863,Eric Lopez,555-0617,eric.lopez@freshmart.com,6:00-24:00
618,Organic Plaza Market,886,Maria Wright,555-0618,maria.wright@organicplaza.com,8:00-22:00
619,ValueMart Village,89,Michael Brown,555-0619,michael.brown@valuemart.com,24/7
620,EcoMarket Express,974,Nicole Walker,555-0620,nicole.walker@ecomarket.com,8:00-20:00
621,ValueMart Premium,115,Rachel White,555-0621,rachel.white@valuemart.com,7:00-23:00
622,SuperSave North,519,Kevin Chen,555-0622,kevin.chen@supersave.com,24/7
623,FreshMart Heights,349,Kenneth Wilson,555-0623,kenneth.wilson@freshmart.com,7:00-23:00
624,EcoMarket Park,147,Michelle Adams,555-0624,michelle.adams@ecomarket.com,9:00-21:00
625,GreenGrocer Park,38,James Martinez,555-0625,james.martinez@greengrocer.com,7:00-midnight
626,EcoMarket Market,319,Rachel Davis,555-0626,rachel.davis@ecomarket.com,8:00-22:00
627,FreshMart South,106,Laura Walker,555-0627,laura.walker@freshmart.com,8:00-22:00
628,PrimeGrocer Plaza,320,Sarah King,555-0628,sarah.king@primegrocer.com,8:00-20:00
629,FamilyMart Premium,294,Ryan Martinez,555-0629,ryan.martinez@familymart.com,7:00-23:00
630,ValueMart Center,688,Ryan Adams,555-0630,ryan.adams@valuemart.com,24/7
631,GreenGrocer Suburban,118,Patricia Anderson,555-0631,patricia.anderson@greengrocer.com,9:00-21:00
632,FreshMart Center,556,Kenneth Davis,555-0632,kenneth.davis@freshmart.com,7:00-23:00
633,SuperSave Center,966,Ryan Brown,555-0633,ryan.brown@supersave.com,7:00-23:00
634,CityFresh Plaza,319,Jessica Anderson,555-0634,jessica.anderson@cityfresh.com,8:00-22:00
635,UrbanMart Village,30,Andrew Johnson,555-0635,andrew.johnson@urbanmart.com,7:00-23:00
636,EcoMarket North,89,David Rodriguez,555-0636,david.rodriguez@ecomarket.com,8:00-22:00
637,MegaMart Market,913,Maria Scott,555-0637,maria.scott@megamart.com,6:00-24:00
638,UrbanMart Square,838,Brandon White,555-0638,brandon.white@urbanmart.com,9:00-21:00
639,QuickMart Center,477,Lisa Adams,555-0639,lisa.adams@quickmart.com,8:00-20:00
640,UrbanMart West,942,Lisa Nelson,555-0640,lisa.nelson@urbanmart.com,8:00-20:00
641,CityFresh Square,701,David Walker,555-0641,david.walker@cityfresh.com,9:00-21:00
642,FamilyMart Square,148,Brian Taylor,555-0642,brian.taylor@familymart.com,7:00-23:00
643,UrbanMart Suburban,717,Nicole Rodriguez,555-0643,nicole.rodriguez@urbanmart.com,7:00-23:00
644,FamilyMart Village,31,Ryan Walker,555-0644,ryan.walker@familymart.com,24/7
645,GreenGrocer Heights,473,Jennifer Garcia,555-0645,jennifer.garcia@greengrocer.com,24/7
646,Organic Plaza Plaza,131,Brandon Wright,555-0646,brandon.wright@organicplaza.com,6:00-24:00
647,PrimeGrocer East,816,Melissa Nelson,555-0647,melissa.nelson@primegrocer.com,7:00-midnight
648,GreenGrocer Village,546,Robert Baker,555-0648,robert.baker@greengrocer.com,9:00-21:00
649,EcoMarket Market,250,Steven Taylor,555-0649,steven.taylor@ecomarket.com,6:00-24:00
650,PrimeGrocer Central,349,Brian Rodriguez,555-0650,brian.rodriguez@primegrocer.com,8:00-22:00
651,QuickMart Station,351,Rebecca King,555-0651,rebecca.king@quickmart.com,8:00-20:00
652,PrimeGrocer Express,80,Maria Hill,555-0652,maria.hill@primegrocer.com,7:00-midnight
653,CityFresh Heights,475,Jennifer King,555-0653,jennifer.king@cityfresh.com,6:00-24:00
654,SuperSave Center,181,David Nelson,555-0654,david.nelson@supersave.com,24/7
655,ValueMart Market,702,Robert Wright,555-0655,robert.wright@valuemart.com,8:00-22:00
656,UrbanMart Market,677,Ryan Hall,555-0656,ryan.hall@urbanmart.com,7:00-midnight
657,FreshMart South,909,Amanda Nelson,555-0657,amanda.nelson@freshmart.com,7:00-23:00
658,UrbanMart Downtown,464,Patricia Hill,555-0658,patricia.hill@urbanmart.com,7:00-23:00
659,PrimeGrocer Plaza,458,Eric Wright,555-0659,eric.wright@primegrocer.com,6:00-24:00
660,QuickMart Premium,814,Ryan White,555-0660,ryan.white@quickmart.com,6:00-24:00
661,FamilyMart Plaza,92,Rebecca Scott,555-0661,rebecca.scott@familymart.com,9:00-21:00
662,UrbanMart Downtown,131,Kenneth Rodriguez,555-0662,kenneth.rodriguez@urbanmart.com,8:00-20:00
663,ValueMart North,1,Nicole Young,555-0663,nicole.young@valuemart.com,8:00-22:00
664,CityFresh Center,289,Brandon Davis,555-0664,brandon.davis@cityfresh.com,8:00-20:00
665,FreshMart Express,404,Rebecca Scott,555-0665,rebecca.scott@freshmart.com,6:00-24:00
666,FamilyMart Village,446,Eric Rodriguez,555-0666,eric.rodriguez@familymart.com,24/7
667,PrimeGrocer Premium,193,Maria Hall,555-0667,maria.hall@primegrocer.com,7:00-23:00
668,PrimeGrocer Market,158,Nicole Nelson,555-0668,nicole.nelson@primegrocer.com,24/7
669,ValueMart West,664,James Smith,555-0669,james.smith@valuemart.com,8:00-22:00
670,FreshMart West,999,Stephanie Hill,555-0670,stephanie.hill@freshmart.com,24/7
671,Organic Plaza South,426,James Lopez,555-0671,james.lopez@organicplaza.com,8:00-20:00
672,EcoMarket Station,435,Maria Walker,555-0672,maria.walker@ecomarket.com,6:00-24:00
673,PrimeGrocer Square,191,Eric Garcia,555-0673,eric.garcia@primegrocer.com,7:00-23:00
674,MegaMart Downtown,243,Stephanie Carter,555-0674,stephanie.carter@megamart.com,7:00-midnight
675,CityFresh Park,591,Ashley Lewis,555-0675,ashley.lewis@cityfresh.com,6:00-24:00
676,SuperSave North,722,Michael King,555-0676,michael.king@supersave.com,24/7
677,SuperSave East,146,Brian Scott,555-0677,brian.scott@supersave.com,8:00-22:00
678,CityFresh Park,81,Ashley Walker,555-0678,ashley.walker@cityfresh.com,6:00-24:00
679,PrimeGrocer South,760,Jessica Hall,555-0679,jessica.hall@primegrocer.com,7:00-midnight
680,FamilyMart South,926,Michelle Wright,555-0680,michelle.wright@familymart.com,8:00-22:00
681,SuperSave Center,525,John Hall,555-0681,john.hall@supersave.com,24/7
682,EcoMarket Village,302,Steven Garcia,555-0682,steven.garcia@ecomarket.com,8:00-20:00
683,ValueMart Central,768,Michael Scott,555-0683,michael.scott@valuemart.com,6:00-24:00
684,ValueMart Suburban,593,Emily Lopez,555-0684,emily.lopez@valuemart.com,24/7
685,Organic Plaza North,640,Joshua Baker,555-0685,joshua.baker@organicplaza.com,7:00-midnight
686,FreshMart Plaza,518,Stephanie Chen,555-0686,stephanie.chen@freshmart.com,7:00-23:00
687,GreenGrocer Suburban,288,Matthew Wilson,555-0687,matthew.wilson@greengrocer.com,6:00-24:00
688,ValueMart Suburban,619,John Green,555-0688,john.green@valuemart.com,8:00-22:00
689,Organic Plaza West,180,Andrew Garcia,555-0689,andrew.garcia@organicplaza.com,8:00-20:00
690,ValueMart Express,541,Stephanie Anderson,555-0690,stephanie.anderson@valuemart.com,8:00-20:00
691,FreshMart Village,957,Lisa Wilson,555-0691,lisa.wilson@freshmart.com,6:00-24:00
692,Organic Plaza Heights,244,Steven Adams,555-0692,steven.adams@organicplaza.com,24/7
693,FamilyMart Square,752,Christopher Martinez,555-0693,christopher.martinez@familymart.com,6:00-24:00
694,SuperSave North,119,Matthew Adams,555-0694,matthew.adams@supersave.com,8:00-20:00
695,FreshMart Central,309,Angela Rodriguez,555-0695,angela.rodriguez@freshmart.com,24/7
696,EcoMarket Center,723,Daniel Rodriguez,555-0696,daniel.rodriguez@ecomarket.com,7:00-midnight
697,MegaMart Heights,892,Matthew Wilson,555-0697,matthew.wilson@megamart.com,6:00-24:00
698,MegaMart Downtown,392,Joshua Baker,555-0698,joshua.baker@megamart.com,24/7
699,FamilyMart Village,100,Rachel Hill,555-0699,rachel.hill@familymart.com,8:00-22:00
700,PrimeGrocer Corner,879,Rebecca Wright,555-0700,rebecca.wright@primegrocer.com,7:00-midnight
701,ValueMart Village,101,Ashley Brown,555-0701,ashley.brown@valuemart.com,8:00-20:00
702,ValueMart Market,768,Angela Adams,555-0702,angela.adams@valuemart.com,7:00-midnight
703,QuickMart Premium,707,Rachel Lee,555-0703,rachel.lee@quickmart.com,7:00-midnight
704,Organic Plaza Village,852,John Hill,555-0704,john.hill@organicplaza.com,8:00-22:00
705,GreenGrocer Downtown,107,Steven Davis,555-0705,steven.davis@greengrocer.com,6:00-24:00
706,FamilyMart Square,291,Brandon Taylor,555-0706,brandon.taylor@familymart.com,7:00-midnight
707,ValueMart Premium,95,Michael Smith,555-0707,michael.smith@valuemart.com,6:00-24:00
708,FreshMart Premium,89,Jennifer Scott,555-0708,jennifer.scott@freshmart.com,8:00-22:00
709,UrbanMart West,922,Eric Hill,555-0709,eric.hill@urbanmart.com,8:00-20:00
710,FamilyMart Central,260,Jennifer Scott,555-0710,jennifer.scott@familymart.com,7:00-23:00
711,ValueMart Square,945,Robert Lopez,555-0711,robert.lopez@valuemart.com,24/7
712,ValueMart Station,800,Ryan Brown,555-0712,ryan.brown@valuemart.com,7:00-23:00
713,GreenGrocer Suburban,341,Emily Rodriguez,555-0713,emily.rodriguez@greengrocer.com,24/7
714,FreshMart Suburban,72,Matthew Anderson,555-0714,matthew.anderson@freshmart.com,24/7
715,EcoMarket Premium,504,Melissa Anderson,555-0715,melissa.anderson@ecomarket.com,7:00-midnight
716,GreenGrocer West,659,Rebecca Martinez,555-0716,rebecca.martinez@greengrocer.com,6:00-24:00
717,GreenGrocer Square,75,Matthew Davis,555-0717,matthew.davis@greengrocer.com,8:00-22:00
718,GreenGrocer Suburban,153,Andrew Smith,555-0718,andrew.smith@greengrocer.com,24/7
719,FamilyMart Downtown,273,Michael Hill,555-0719,michael.hill@familymart.com,24/7
720,Organic Plaza Village,528,Melissa King,555-0720,melissa.king@organicplaza.com,8:00-22:00
721,CityFresh Heights,865,Brian Lewis,555-0721,brian.lewis@cityfresh.com,24/7
722,CityFresh South,978,Daniel Smith,555-0722,daniel.smith@cityfresh.com,24/7
723,CityFresh Heights,958,Jennifer King,555-0723,jennifer.king@cityfresh.com,6:00-24:00
724,SuperSave Village,648,Michelle Rodriguez,555-0724,michelle.rodriguez@supersave.com,8:00-22:00
725,FamilyMart South,984,Nicole Young,555-0725,nicole.young@familymart.com,8:00-20:00
726,SuperSave South,297,Angela Adams,555-0726,angela.adams@supersave.com,8:00-20:00
727,FamilyMart Premium,991,Maria Young,555-0727,maria.young@familymart.com,8:00-22:00
728,MegaMart Premium,918,Michelle Scott,555-0728,michelle.scott@megamart.com,24/7
729,GreenGrocer Corner,449,Stephanie Chen,555-0729,stephanie.chen@greengrocer.com,7:00-midnight
730,CityFresh Premium,26,James Johnson,555-0730,james.johnson@cityfresh.com,7:00-23:00
731,CityFresh Express,812,Stephanie Rodriguez,555-0731,stephanie.rodriguez@cityfresh.com,8:00-22:00
732,PrimeGrocer Plaza,832,Stephanie Young,555-0732,stephanie.young@primegrocer.com,8:00-20:00
733,EcoMarket Downtown,346,Michael Lee,555-0733,michael.lee@ecomarket.com,8:00-22:00
734,CityFresh North,827,Melissa Davis,555-0734,melissa.davis@cityfresh.com,7:00-23:00
735,FamilyMart Park,896,Angela Hill,555-0735,angela.hill@familymart.com,8:00-20:00
736,PrimeGrocer West,754,Daniel Chen,555-0736,daniel.chen@primegrocer.com,8:00-22:00
737,Organic Plaza Heights,47,Sarah Hall,555-0737,sarah.hall@organicplaza.com,6:00-24:00
738,QuickMart West,52,John Anderson,555-0738,john.anderson@quickmart.com,7:00-midnight
739,ValueMart East,856,Angela Wright,555-0739,angela.wright@valuemart.com,7:00-23:00
740,UrbanMart South,610,David Davis,555-0740,david.davis@urbanmart.com,24/7
741,UrbanMart Express,437,Robert Baker,555-0741,robert.baker@urbanmart.com,7:00-23:00
742,SuperSave Market,590,Ryan Davis,555-0742,ryan.davis@supersave.com,7:00-midnight
743,PrimeGrocer West,219,Ryan Nelson,555-0743,ryan.nelson@primegrocer.com,8:00-20:00
744,FreshMart Central,281,Laura Chen,555-0744,laura.chen@freshmart.com,8:00-22:00
745,Organic Plaza Station,567,Christopher Scott,555-0745,christopher.scott@organicplaza.com,9:00-21:00
746,Organic Plaza Square,137,Jessica King,555-0746,jessica.king@organicplaza.com,8:00-22:00
747,GreenGrocer Market,83,Christopher Smith,555-0747,christopher.smith@greengrocer.com,24/7
748,FreshMart Downtown,668,Maria Chen,555-0748,maria.chen@freshmart.com,7:00-midnight
749,UrbanMart Plaza,812,Steven Scott,555-0749,steven.scott@urbanmart.com,8:00-20:00
750,EcoMarket West,278,Amanda Wilson,555-0750,amanda.wilson@ecomarket.com,7:00-midnight
751,PrimeGrocer Square,626,Steven Taylor,555-0751,steven.taylor@primegrocer.com,7:00-23:00
752,CityFresh North,627,Maria Scott,555-0752,maria.scott@cityfresh.com,24/7
753,GreenGrocer Plaza,572,Brandon Lewis,555-0753,brandon.lewis@greengrocer.com,8:00-22:00
754,QuickMart Premium,634,Jennifer Allen,555-0754,jennifer.allen@quickmart.com,8:00-22:00
755,SuperSave Center,789,Kenneth Taylor,555-0755,kenneth.taylor@supersave.com,24/7
756,FamilyMart Premium,116,Ashley Johnson,555-0756,ashley.johnson@familymart.com,7:00-23:00
757,Organic Plaza Heights,687,Stephanie Anderson,555-0757,stephanie.anderson@organicplaza.com,7:00-23:00
758,FreshMart North,446,Nicole White,555-0758,nicole.white@freshmart.com,7:00-23:00
759,ValueMart Village,759,Angela Johnson,555-0759,angela.johnson@valuemart.com,8:00-22:00
760,FreshMart Center,30,Maria Anderson,555-0760,maria.anderson@freshmart.com,8:00-20:00
761,EcoMarket Park,739,Jennifer Chen,555-0761,jennifer.chen@ecomarket.com,7:00-23:00
762,EcoMarket Village,694,Steven Martinez,555-0762,steven.martinez@ecomarket.com,7:00-midnight
763,SuperSave Express,101,Jennifer Lee,555-0763,jennifer.lee@supersave.com,7:00-23:00
764,QuickMart Station,76,Kevin Rodriguez,555-0764,kevin.rodriguez@quickmart.com,7:00-23:00
765,EcoMarket Heights,222,Emily Lewis,555-0765,emily.lewis@ecomarket.com,7:00-23:00
766,UrbanMart Square,140,Maria Rodriguez,555-0766,maria.rodriguez@urbanmart.com,9:00-21:00
767,EcoMarket Premium,344,Brandon Brown,555-0767,brandon.brown@ecomarket.com,7:00-23:00
768,Organic Plaza North,114,Emily Brown,555-0768,emily.brown@organicplaza.com,7:00-23:00
769,EcoMarket Square,352,Steven Anderson,555-0769,steven.anderson@ecomarket.com,8:00-20:00
770,QuickMart Plaza,654,Christopher Baker,555-0770,christopher.baker@quickmart.com,8:00-20:00
771,UrbanMart Central,878,Daniel Chen,555-0771,daniel.chen@urbanmart.com,24/7
772,PrimeGrocer Heights,858,Amanda King,555-0772,amanda.king@primegrocer.com,24/7
773,EcoMarket Suburban,754,John Green,555-0773,john.green@ecomarket.com,24/7
774,QuickMart Express,228,Ryan Lewis,555-0774,ryan.lewis@quickmart.com,6:00-24:00
775,UrbanMart West,42,John Lewis,555-0775,john.lewis@urbanmart.com,8:00-22:00
776,EcoMarket Park,404,Michael Lewis,555-0776,michael.lewis@ecomarket.com,6:00-24:00
777,EcoMarket East,86,Andrew Hall,555-0777,andrew.hall@ecomarket.com,7:00-23:00
778,PrimeGrocer Downtown,368,Steven Martinez,555-0778,steven.martinez@primegrocer.com,7:00-23:00
779,ValueMart Express,686,Lisa Smith,555-0779,lisa.smith@valuemart.com,24/7
780,ValueMart Central,766,Angela Carter,555-0780,angela.carter@valuemart.com,6:00-24:00
781,UrbanMart Downtown,142,Angela Walker,555-0781,angela.walker@urbanmart.com,8:00-20:00
782,CityFresh Market,380,Maria Baker,555-0782,maria.baker@cityfresh.com,8:00-20:00
783,FamilyMart Square,73,John Carter,555-0783,john.carter@familymart.com,7:00-midnight
784,MegaMart Village,437,Rachel Johnson,555-0784,rachel.johnson@megamart.com,9:00-21:00
785,ValueMart Center,83,Amanda Baker,555-0785,amanda.baker@valuemart.com,7:00-midnight
786,UrbanMart Village,373,Emily Allen,555-0786,emily.allen@urbanmart.com,7:00-midnight
787,FreshMart East,634,Eric Garcia,555-0787,eric.garcia@freshmart.com,24/7
788,FreshMart Corner,573,Nicole Anderson,555-0788,nicole.anderson@freshmart.com,7:00-midnight
789,CityFresh South,245,Amanda Wilson,555-0789,amanda.wilson@cityfresh.com,9:00-21:00
790,PrimeGrocer East,595,Brian Green,555-0790,brian.green@primegrocer.com,8:00-20:00
791,CityFresh Premium,920,Daniel Lee,555-0791,daniel.lee@cityfresh.com,9:00-21:00
792,ValueMart Park,65,Rebecca Brown,555-0792,rebecca.brown@valuemart.com,8:00-22:00
793,SuperSave Corner,540,Andrew Hall,555-0793,andrew.hall@supersave.com,6:00-24:00
794,GreenGrocer Heights,377,Joshua Walker,555-0794,joshua.walker@greengrocer.com,6:00-24:00
795,FamilyMart South,83,Kevin Walker,555-0795,kevin.walker@familymart.com,8:00-22:00
796,MegaMart Central,169,Joshua Chen,555-0796,joshua.chen@megamart.com,8:00-22:00
797,ValueMart East,896,Patricia Hall,555-0797,patricia.hall@valuemart.com,7:00-23:00
798,QuickMart Park,993,Sarah White,555-0798,sarah.white@quickmart.com,24/7
799,FamilyMart Center,431,James Hall,555-0799,james.hall@familymart.com,9:00-21:00
800,EcoMarket Downtown,23,Joshua Martinez,555-0800,joshua.martinez@ecomarket.com,8:00-22:00
801,QuickMart Park,352,Laura Lewis,555-0801,laura.lewis@quickmart.com,6:00-24:00
802,FamilyMart Village,714,Stephanie King,555-0802,stephanie.king@familymart.com,7:00-midnight
803,PrimeGrocer Center,581,Andrew Walker,555-0803,andrew.walker@primegrocer.com,9:00-21:00
804,Organic Plaza Plaza,233,Christopher Baker,555-0804,christopher.baker@organicplaza.com,9:00-21:00
805,EcoMarket Corner,49,Joshua Adams,555-0805,joshua.adams@ecomarket.com,8:00-20:00
806,Organic Plaza Corner,634,Joshua Walker,555-0806,joshua.walker@organicplaza.com,7:00-23:00
807,Organic Plaza Center,860,Joshua Anderson,555-0807,joshua.anderson@organicplaza.com,7:00-23:00
808,CityFresh West,43,Christopher Taylor,555-0808,christopher.taylor@cityfresh.com,8:00-22:00
809,SuperSave West,189,Andrew Brown,555-0809,andrew.brown@supersave.com,9:00-21:00
810,QuickMart Center,353,Michael Hill,555-0810,michael.hill@quickmart.com,9:00-21:00
811,Organic Plaza Corner,547,Andrew Young,555-0811,andrew.young@organicplaza.com,7:00-23:00
812,ValueMart East,787,Sarah Rodriguez,555-0812,sarah.rodriguez@valuemart.com,24/7
813,Organic Plaza Square,994,Ryan Wilson,555-0813,ryan.wilson@organicplaza.com,8:00-22:00
814,CityFresh Center,723,Kenneth Lee,555-0814,kenneth.lee@cityfresh.com,7:00-midnight
815,ValueMart Heights,683,Joshua Adams,555-0815,joshua.adams@valuemart.com,6:00-24:00
816,Organic Plaza Square,750,Laura Scott,555-0816,laura.scott@organicplaza.com,8:00-22:00
817,EcoMarket North,120,James Hill,555-0817,james.hill@ecomarket.com,6:00-24:00
818,ValueMart Downtown,226,Melissa Wright,555-0818,melissa.wright@valuemart.com,8:00-20:00
819,EcoMarket Corner,623,Lisa Lee,555-0819,lisa.lee@ecomarket.com,8:00-22:00
820,FamilyMart Premium,959,Rachel Taylor,555-0820,rachel.taylor@familymart.com,8:00-20:00
821,ValueMart Premium,870,Sarah Chen,555-0821,sarah.chen@valuemart.com,6:00-24:00
822,EcoMarket South,503,Kenneth Rodriguez,555-0822,kenneth.rodriguez@ecomarket.com,7:00-23:00
823,SuperSave Park,408,Emily Hill,555-0823,emily.hill@supersave.com,9:00-21:00
824,Organic Plaza Station,13,Nicole Rodriguez,555-0824,nicole.rodriguez@organicplaza.com,9:00-21:00
825,ValueMart Corner,896,Brandon White,555-0825,brandon.white@valuemart.com,24/7
826,PrimeGrocer South,760,Amanda Green,555-0826,amanda.green@primegrocer.com,24/7
827,MegaMart Square,746,Joshua Anderson,555-0827,joshua.anderson@megamart.com,8:00-20:00
828,MegaMart Station,613,James Nelson,555-0828,james.nelson@megamart.com,6:00-24:00
829,GreenGrocer West,889,Amanda White,555-0829,amanda.white@greengrocer.com,24/7
830,PrimeGrocer Village,385,Robert King,555-0830,robert.king@primegrocer.com,8:00-20:00
831,GreenGrocer Downtown,425,Steven Lopez,555-0831,steven.lopez@greengrocer.com,9:00-21:00
832,Organic Plaza Center,774,Angela Scott,555-0832,angela.scott@organicplaza.com,6:00-24:00
833,Organic Plaza Premium,297,Maria Nelson,555-0833,maria.nelson@organicplaza.com,24/7
834,PrimeGrocer Heights,310,Michael Nelson,555-0834,michael.nelson@primegrocer.com,8:00-20:00
835,UrbanMart Plaza,475,Stephanie Young,555-0835,stephanie.young@urbanmart.com,7:00-midnight
836,QuickMart Downtown,308,John Wilson,555-0836,john.wilson@quickmart.com,9:00-21:00
837,FamilyMart Heights,915,Jennifer Lopez,555-0837,jennifer.lopez@familymart.com,7:00-midnight
838,ValueMart Station,661,Maria Hall,555-0838,maria.hall@valuemart.com,7:00-midnight
839,QuickMart Downtown,505,Jennifer Adams,555-0839,jennifer.adams@quickmart.com,9:00-21:00
840,GreenGrocer Corner,890,Brian King,555-0840,brian.king@greengrocer.com,24/7
841,ValueMart Heights,751,Jennifer Garcia,555-0841,jennifer.garcia@valuemart.com,6:00-24:00
842,UrbanMart Downtown,60,Matthew Anderson,555-0842,matthew.anderson@urbanmart.com,6:00-24:00
843,Organic Plaza Village,366,Angela Scott,555-0843,angela.scott@organicplaza.com,7:00-23:00
844,Organic Plaza North,652,Ashley Garcia,555-0844,ashley.garcia@organicplaza.com,24/7
845,SuperSave North,655,Joshua White,555-0845,joshua.white@supersave.com,6:00-24:00
846,GreenGrocer Park,188,Kevin Adams,555-0846,kevin.adams@greengrocer.com,7:00-midnight
847,GreenGrocer Central,847,Ryan Carter,555-0847,ryan.carter@greengrocer.com,9:00-21:00
848,FamilyMart Plaza,705,Ashley Hill,555-0848,ashley.hill@familymart.com,7:00-midnight
849,SuperSave East,14,Brandon Nelson,555-0849,brandon.nelson@supersave.com,7:00-23:00
850,Organic Plaza Park,497,Joshua Garcia,555-0850,joshua.garcia@organicplaza.com,8:00-20:00
851,MegaMart Village,159,Christopher Davis,555-0851,christopher.davis@megamart.com,7:00-23:00
852,PrimeGrocer Express,629,Kevin Baker,555-0852,kevin.baker@primegrocer.com,6:00-24:00
853,CityFresh Park,939,Jennifer Lewis,555-0853,jennifer.lewis@cityfresh.com,24/7
854,GreenGrocer East,357,James Smith,555-0854,james.smith@greengrocer.com,24/7
855,ValueMart Corner,912,James Nelson,555-0855,james.nelson@valuemart.com,24/7
856,UrbanMart Park,312,Laura Anderson,555-0856,laura.anderson@urbanmart.com,7:00-midnight
857,FreshMart East,711,Daniel Wilson,555-0857,daniel.wilson@freshmart.com,8:00-20:00
858,Organic Plaza Express,134,Michelle Wilson,555-0858,michelle.wilson@organicplaza.com,7:00-23:00
859,GreenGrocer Station,794,Jennifer Chen,555-0859,jennifer.chen@greengrocer.com,8:00-22:00
860,EcoMarket Station,34,Michael Martinez,555-0860,michael.martinez@ecomarket.com,8:00-22:00
861,FamilyMart Park,931,Emily Hall,555-0861,emily.hall@familymart.com,8:00-22:00
862,ValueMart North,11,Robert White,555-0862,robert.white@valuemart.com,7:00-midnight
863,GreenGrocer East,190,Amanda King,555-0863,amanda.king@greengrocer.com,7:00-23:00
864,FamilyMart Corner,867,Sarah Chen,555-0864,sarah.chen@familymart.com,7:00-23:00
865,CityFresh Suburban,876,Brandon Garcia,555-0865,brandon.garcia@cityfresh.com,7:00-23:00
866,PrimeGrocer Express,102,Kenneth King,555-0866,kenneth.king@primegrocer.com,8:00-22:00
867,UrbanMart Downtown,197,Rachel Martinez,555-0867,rachel.martinez@urbanmart.com,7:00-midnight
868,ValueMart Central,947,John Green,555-0868,john.green@valuemart.com,8:00-22:00
869,QuickMart Park,604,Brian Garcia,555-0869,brian.garcia@quickmart.com,7:00-midnight
870,Organic Plaza Square,364,David Anderson,555-0870,david.anderson@organicplaza.com,8:00-20:00
871,MegaMart Station,418,Amanda Allen,555-0871,amanda.allen@megamart.com,7:00-23:00
872,GreenGrocer Village,533,Jennifer Walker,555-0872,jennifer.walker@greengrocer.com,8:00-22:00
873,Organic Plaza Heights,571,Nicole Scott,555-0873,nicole.scott@organicplaza.com,9:00-21:00
874,CityFresh North,119,Lisa Lee,555-0874,lisa.lee@cityfresh.com,24/7
875,MegaMart Plaza,320,Angela Wright,555-0875,angela.wright@megamart.com,7:00-midnight
876,FamilyMart Square,298,Daniel Young,555-0876,daniel.young@familymart.com,24/7
877,MegaMart Premium,488,Robert Nelson,555-0877,robert.nelson@megamart.com,8:00-20:00
878,FamilyMart Corner,504,Maria Smith,555-0878,maria.smith@familymart.com,7:00-midnight
879,FamilyMart East,675,Melissa Walker,555-0879,melissa.walker@familymart.com,6:00-24:00
880,FamilyMart South,411,Jennifer Wilson,555-0880,jennifer.wilson@familymart.com,24/7
881,CityFresh East,999,Christopher Chen,555-0881,christopher.chen@cityfresh.com,9:00-21:00
882,QuickMart Village,414,Kevin Wright,555-0882,kevin.wright@quickmart.com,8:00-20:00
883,GreenGrocer Express,286,Rebecca Green,555-0883,rebecca.green@greengrocer.com,24/7
884,CityFresh Suburban,683,Melissa Garcia,555-0884,melissa.garcia@cityfresh.com,24/7
885,UrbanMart Market,151,Stephanie Allen,555-0885,stephanie.allen@urbanmart.com,9:00-21:00
886,EcoMarket East,510,Jennifer Brown,555-0886,jennifer.brown@ecomarket.com,24/7
887,QuickMart West,55,Sarah Davis,555-0887,sarah.davis@quickmart.com,7:00-midnight
888,GreenGrocer Heights,620,Sarah Anderson,555-0888,sarah.anderson@greengrocer.com,24/7
889,FamilyMart Village,639,Patricia White,555-0889,patricia.white@familymart.com,6:00-24:00
890,GreenGrocer South,812,Rachel Adams,555-0890,rachel.adams@greengrocer.com,24/7
891,EcoMarket Premium,503,Joshua Hill,555-0891,joshua.hill@ecomarket.com,24/7
892,PrimeGrocer Suburban,554,Laura Baker,555-0892,laura.baker@primegrocer.com,8:00-20:00
893,PrimeGrocer Downtown,393,Michael Lewis,555-0893,michael.lewis@primegrocer.com,8:00-22:00
894,EcoMarket Village,37,Eric Walker,555-0894,eric.walker@ecomarket.com,24/7
895,FreshMart Central,504,Michelle Scott,555-0895,michelle.scott@freshmart.com,7:00-23:00
896,MegaMart West,500,Michelle Scott,555-0896,michelle.scott@megamart.com,24/7
897,GreenGrocer Heights,875,Brian Hall,555-0897,brian.hall@greengrocer.com,6:00-24:00
898,Organic Plaza Park,507,Emily Rodriguez,555-0898,emily.rodriguez@organicplaza.com,9:00-21:00
899,UrbanMart Market,329,Brandon Adams,555-0899,brandon.adams@urbanmart.com,9:00-21:00
900,FreshMart Downtown,376,Michael Wilson,555-0900,michael.wilson@freshmart.com,8:00-20:00
901,SuperSave Downtown,439,Laura Rodriguez,555-0901,laura.rodriguez@supersave.com,8:00-22:00
902,SuperSave Corner,678,Steven Garcia,555-0902,steven.garcia@supersave.com,8:00-22:00
903,QuickMart Express,607,Jessica Lopez,555-0903,jessica.lopez@quickmart.com,9:00-21:00
904,GreenGrocer South,174,Michelle Davis,555-0904,michelle.davis@greengrocer.com,9:00-21:00
905,FreshMart Center,674,Ryan Johnson,555-0905,ryan.johnson@freshmart.com,24/7
906,MegaMart Park,713,Steven Brown,555-0906,steven.brown@megamart.com,8:00-22:00
907,EcoMarket Downtown,400,Ryan Rodriguez,555-0907,ryan.rodriguez@ecomarket.com,6:00-24:00
908,SuperSave East,692,Stephanie Davis,555-0908,stephanie.davis@supersave.com,7:00-midnight
909,QuickMart Village,784,Stephanie Allen,555-0909,stephanie.allen@quickmart.com,8:00-20:00
910,FamilyMart Village,373,Christopher Wright,555-0910,christopher.wright@familymart.com,9:00-21:00
911,MegaMart Premium,998,Stephanie Lopez,555-0911,stephanie.lopez@megamart.com,8:00-20:00
912,GreenGrocer Center,49,Amanda White,555-0912,amanda.white@greengrocer.com,9:00-21:00
913,ValueMart Market,981,Daniel Wright,555-0913,daniel.wright@valuemart.com,7:00-midnight
914,GreenGrocer East,581,Laura Brown,555-0914,laura.brown@greengrocer.com,8:00-22:00
915,PrimeGrocer Heights,815,Rebecca Martinez,555-0915,rebecca.martinez@primegrocer.com,9:00-21:00
916,GreenGrocer Plaza,444,Kenneth Baker,555-0916,kenneth.baker@greengrocer.com,9:00-21:00
917,FamilyMart Center,412,Ryan Martinez,555-0917,ryan.martinez@familymart.com,24/7
918,ValueMart Park,561,Angela Hill,555-0918,angela.hill@valuemart.com,8:00-20:00
919,Organic Plaza Downtown,591,Rachel Carter,555-0919,rachel.carter@organicplaza.com,7:00-23:00
920,EcoMarket Premium,546,Angela Brown,555-0920,angela.brown@ecomarket.com,7:00-midnight
921,UrbanMart Station,374,Emily Allen,555-0921,emily.allen@urbanmart.com,7:00-23:00
922,EcoMarket West,702,Jessica Wilson,555-0922,jessica.wilson@ecomarket.com,7:00-midnight
923,ValueMart Station,851,Steven Lee,555-0923,steven.lee@valuemart.com,8:00-20:00
924,GreenGrocer Premium,294,Steven Brown,555-0924,steven.brown@greengrocer.com,8:00-20:00
925,FamilyMart Central,242,Matthew Hill,555-0925,matthew.hill@familymart.com,6:00-24:00
926,MegaMart Express,29,Jennifer Wilson,555-0926,jennifer.wilson@megamart.com,7:00-23:00
927,QuickMart Plaza,447,Angela Hall,555-0927,angela.hall@quickmart.com,6:00-24:00
928,MegaMart North,140,Kevin Anderson,555-0928,kevin.anderson@megamart.com,9:00-21:00
929,FreshMart Suburban,181,Ashley Hill,555-0929,ashley.hill@freshmart.com,6:00-24:00
930,FamilyMart North,57,Stephanie Baker,555-0930,stephanie.baker@familymart.com,8:00-22:00
931,GreenGrocer Village,923,Michelle Carter,555-0931,michelle.carter@greengrocer.com,8:00-22:00
932,MegaMart Corner,742,Lisa Rodriguez,555-0932,lisa.rodriguez@megamart.com,8:00-20:00
933,Organic Plaza Express,513,Jennifer King,555-0933,jennifer.king@organicplaza.com,7:00-midnight
934,GreenGrocer Park,906,Rachel Brown,555-0934,rachel.brown@greengrocer.com,24/7
935,GreenGrocer Express,321,Jennifer Adams,555-0935,jennifer.adams@greengrocer.com,8:00-20:00
936,SuperSave Market,148,Jessica Lewis,555-0936,jessica.lewis@supersave.com,7:00-23:00
937,GreenGrocer Central,419,Amanda Brown,555-0937,amanda.brown@greengrocer.com,24/7
938,ValueMart North,717,Stephanie Young,555-0938,stephanie.young@valuemart.com,9:00-21:00
939,GreenGrocer Village,253,Rebecca Hall,555-0939,rebecca.hall@greengrocer.com,7:00-midnight
940,ValueMart West,377,Nicole Hall,555-0940,nicole.hall@valuemart.com,7:00-midnight
941,ValueMart Downtown,679,Michael Nelson,555-0941,michael.nelson@valuemart.com,7:00-midnight
942,FreshMart Express,317,Matthew Young,555-0942,matthew.young@freshmart.com,24/7
943,FamilyMart Corner,243,Jennifer Young,555-0943,jennifer.young@familymart.com,8:00-20:00
944,EcoMarket Market,309,John Rodriguez,555-0944,john.rodriguez@ecomarket.com,9:00-21:00
945,GreenGrocer Express,912,Michelle Martinez,555-0945,michelle.martinez@greengrocer.com,8:00-20:00
946,Organic Plaza Square,660,Ryan Baker,555-0946,ryan.baker@organicplaza.com,8:00-20:00
947,MegaMart North,843,Ashley Carter,555-0947,ashley.carter@megamart.com,8:00-22:00
948,EcoMarket Heights,735,Steven Nelson,555-0948,steven.nelson@ecomarket.com,9:00-21:00
949,MegaMart East,519,Christopher Scott,555-0949,christopher.scott@megamart.com,9:00-21:00
950,GreenGrocer Corner,833,Steven Wright,555-0950,steven.wright@greengrocer.com,7:00-midnight
951,PrimeGrocer Village,781,Angela Scott,555-0951,angela.scott@primegrocer.com,8:00-22:00
952,FreshMart Central,140,Andrew Baker,555-0952,andrew.baker@freshmart.com,7:00-midnight
953,FreshMart Market,322,Kevin Lopez,555-0953,kevin.lopez@freshmart.com,9:00-21:00
954,UrbanMart South,529,Jennifer Anderson,555-0954,jennifer.anderson@urbanmart.com,7:00-23:00
955,CityFresh West,463,Steven Baker,555-0955,steven.baker@cityfresh.com,9:00-21:00
956,EcoMarket West,608,Matthew Anderson,555-0956,matthew.anderson@ecomarket.com,7:00-midnight
957,SuperSave Plaza,377,Kevin Chen,555-0957,kevin.chen@supersave.com,24/7
958,Organic Plaza Market,230,Eric Nelson,555-0958,eric.nelson@organicplaza.com,6:00-24:00
959,FreshMart Downtown,204,Daniel Chen,555-0959,daniel.chen@freshmart.com,24/7
960,ValueMart Central,440,Emily Rodriguez,555-0960,emily.rodriguez@valuemart.com,6:00-24:00
961,UrbanMart Suburban,175,Patricia Chen,555-0961,patricia.chen@urbanmart.com,9:00-21:00
962,UrbanMart East,446,John Scott,555-0962,john.scott@urbanmart.com,6:00-24:00
963,EcoMarket Heights,209,Jennifer Taylor,555-0963,jennifer.taylor@ecomarket.com,7:00-midnight
964,QuickMart Suburban,392,Joshua Green,555-0964,joshua.green@quickmart.com,24/7
965,Organic Plaza Station,844,Amanda Wright,555-0965,amanda.wright@organicplaza.com,7:00-23:00
966,ValueMart Premium,812,Steven Anderson,555-0966,steven.anderson@valuemart.com,24/7
967,Organic Plaza Downtown,633,Joshua Brown,555-0967,joshua.brown@organicplaza.com,7:00-23:00
968,EcoMarket Express,663,Nicole King,555-0968,nicole.king@ecomarket.com,7:00-midnight
969,EcoMarket South,893,John Hall,555-0969,john.hall@ecomarket.com,7:00-23:00
970,SuperSave Market,726,Amanda Scott,555-0970,amanda.scott@supersave.com,24/7
971,MegaMart Suburban,61,Robert Davis,555-0971,robert.davis@megamart.com,6:00-24:00
972,FreshMart Village,621,Jessica Hall,555-0972,jessica.hall@freshmart.com,9:00-21:00
973,FamilyMart North,635,John Brown,555-0973,john.brown@familymart.com,6:00-24:00
974,MegaMart Plaza,136,Melissa Hill,555-0974,melissa.hill@megamart.com,9:00-21:00
975,PrimeGrocer North,516,Maria Brown,555-0975,maria.brown@primegrocer.com,7:00-23:00
976,EcoMarket Village,325,Angela Wilson,555-0976,angela.wilson@ecomarket.com,8:00-22:00
977,CityFresh Park,120,Rebecca Wilson,555-0977,rebecca.wilson@cityfresh.com,9:00-21:00
978,SuperSave North,997,James Hall,555-0978,james.hall@supersave.com,8:00-20:00
979,ValueMart Corner,628,Rebecca White,555-0979,rebecca.white@valuemart.com,9:00-21:00
980,ValueMart Park,324,Ryan Lewis,555-0980,ryan.lewis@valuemart.com,7:00-23:00
981,CityFresh Heights,946,Patricia Young,555-0981,patricia.young@cityfresh.com,8:00-20:00
982,FamilyMart Square,56,Emily Martinez,555-0982,emily.martinez@familymart.com,7:00-23:00
983,QuickMart Central,168,Michael Hall,555-0983,michael.hall@quickmart.com,9:00-21:00
984,CityFresh Square,42,Rebecca Davis,555-0984,rebecca.davis@cityfresh.com,24/7
985,EcoMarket Corner,116,Stephanie Walker,555-0985,stephanie.walker@ecomarket.com,24/7
986,CityFresh West,209,Jennifer Garcia,555-0986,jennifer.garcia@cityfresh.com,8:00-22:00
987,ValueMart Central,843,Christopher Green,555-0987,christopher.green@valuemart.com,6:00-24:00
988,ValueMart Premium,585,John Allen,555-0988,john.allen@valuemart.com,8:00-20:00
989,Organic Plaza Station,511,Robert Taylor,555-0989,robert.taylor@organicplaza.com,8:00-20:00
990,FamilyMart East,698,Laura Smith,555-0990,laura.smith@familymart.com,9:00-21:00
991,FamilyMart East,952,Melissa Garcia,555-0991,melissa.garcia@familymart.com,6:00-24:00
992,GreenGrocer Village,472,Patricia Smith,555-0992,patricia.smith@greengrocer.com,8:00-22:00
993,CityFresh Heights,609,Angela Lopez,555-0993,angela.lopez@cityfresh.com,9:00-21:00
994,FamilyMart Downtown,638,Laura Johnson,555-0994,laura.johnson@familymart.com,7:00-midnight
995,EcoMarket Village,50,James Martinez,555-0995,james.martinez@ecomarket.com,8:00-20:00
996,FamilyMart Plaza,762,Ryan Baker,555-0996,ryan.baker@familymart.com,8:00-22:00
997,GreenGrocer Center,262,Eric Chen,555-0997,eric.chen@greengrocer.com,24/7
998,Organic Plaza Express,873,Melissa Chen,555-0998,melissa.chen@organicplaza.com,8:00-22:00
999,QuickMart Central,292,Eric Adams,555-0999,eric.adams@quickmart.com,24/7
1000,FamilyMart West,821,Jennifer White,555-1000,jennifer.white@familymart.com,24/7
